0.00000,0.00000,-0.08107,0.00000,-0.00811,-0.08107
0.02000,0.00306,-0.05938,0.00306,-0.00594,-0.05938
0.04000,0.01354,0.16479,0.01354,0.01648,0.16479
0.06000,0.02680,0.82480,0.02680,0.08248,0.82480
0.08000,0.04018,1.83924,0.04018,0.18392,1.83924
0.10000,0.05310,3.04555,0.05310,0.30456,3.04555
0.12000,0.06539,4.28987,0.06539,0.42899,4.28987
0.14000,0.07707,5.44079,0.07707,0.54408,5.44079
0.16000,0.08823,6.50208,0.08823,0.65021,6.50208
0.18000,0.09934,7.52765,0.09934,0.75277,7.52765
0.20000,0.11067,8.50504,0.11067,0.85050,8.50504
0.22000,0.12206,9.45839,0.12206,0.94584,9.45839
0.24000,0.13317,10.45517,0.13317,1.04552,10.45517
0.26000,0.14399,11.45016,0.14399,1.14502,11.45016
0.28000,0.15487,12.40795,0.15487,1.24079,12.40795
0.30000,0.16592,13.35713,0.16592,1.33571,13.35713
0.32000,0.17714,14.32042,0.17714,1.43204,14.32042
0.34000,0.18825,15.26699,0.18825,1.52670,15.26699
0.36000,0.19907,16.20686,0.19907,1.62069,16.20686
0.38000,0.20995,17.15394,0.20995,1.71539,17.15394
0.40000,0.22094,18.09223,0.22094,1.80922,18.09223
0.42000,0.23211,19.01318,0.23211,1.90132,19.01318
0.44000,0.24321,19.96635,0.24321,1.99663,19.96635
0.46000,0.25409,20.90698,0.25409,2.09070,20.90698
0.48000,0.26497,21.84933,0.26497,2.18493,21.84933
0.50000,0.27591,22.82435,0.27591,2.28244,22.82435
0.52000,0.28702,23.84011,0.28702,2.38401,23.84011
0.54000,0.29818,24.85788,0.29818,2.48579,24.85788
0.56000,0.30912,25.87388,0.30912,2.58739,25.87388
0.58000,0.31994,26.87424,0.31994,2.68742,26.87424
0.60000,0.33093,27.84654,0.33093,2.78465,27.84654
0.62000,0.34210,28.83232,0.34210,2.88323,28.83232
0.64000,0.35326,29.83760,0.35326,2.98376,29.83760
0.66000,0.36420,30.84594,0.36420,3.08459,30.84594
0.68000,0.37508,31.82371,0.37508,3.18237,31.82371
0.70000,0.38596,32.78857,0.38596,3.27886,32.78857
0.72000,0.39701,33.75003,0.39701,3.37500,33.75003
0.74000,0.40823,34.73661,0.40823,3.47366,34.73661
0.76000,0.41916,35.73108,0.41916,3.57311,35.73108
0.78000,0.43010,36.69368,0.43010,3.66937,36.69368
0.80000,0.44104,37.64253,0.44104,3.76425,37.64253
0.82000,0.45203,38.60200,0.45203,3.86020,38.60200
0.84000,0.46314,39.54686,0.46314,3.95469,39.54686
0.86000,0.47424,40.50801,0.47424,4.05080,40.50801
0.88000,0.48518,41.46980,0.48518,4.14698,41.46980
0.90000,0.49612,42.39724,0.49612,4.23972,42.39724
0.92000,0.50711,43.31863,0.50711,4.33186,43.31863
0.94000,0.51816,44.25171,0.51816,4.42517,44.25171
0.96000,0.52915,45.18135,0.52915,4.51814,45.18135
0.98000,0.54003,46.10168,0.54003,4.61017,46.10168
1.00000,0.55097,47.02718,0.55097,4.70272,47.02718
1.02000,0.56208,47.94189,0.56208,4.79419,47.94189
1.04000,0.57324,48.85822,0.57324,4.88582,48.85822
1.06000,0.58429,49.79859,0.58429,4.97986,49.79859
1.08000,0.59511,50.72808,0.59511,5.07281,50.72808
1.10000,0.60599,51.63350,0.60599,5.16335,51.63350
1.12000,0.61704,52.54009,0.61704,5.25401,52.54009
1.14000,0.62826,53.46387,0.62826,5.34639,53.46387
1.16000,0.63931,54.39657,0.63931,5.43966,54.39657
1.18000,0.65014,55.32785,0.65014,5.53278,55.32785
1.20000,0.66102,56.23619,0.66102,5.62362,56.23619
1.22000,0.67207,57.14360,0.67207,5.71436,57.14360
1.24000,0.68323,58.06196,0.68323,5.80620,58.06196
1.26000,0.69428,58.98995,0.69428,5.89900,58.98995
1.28000,0.70516,59.89783,0.70516,5.98978,59.89783
1.30000,0.71598,60.79339,0.71598,6.07934,60.79339
1.32000,0.72692,61.69961,0.72692,6.16996,61.69961
1.34000,0.73803,62.60024,0.73803,6.26002,62.60024
1.36000,0.74919,63.51050,0.74919,6.35105,63.51050
1.38000,0.76018,64.41691,0.76018,6.44169,64.41691
1.40000,0.77101,65.33179,0.77101,6.53318,65.33179
1.42000,0.78194,66.22865,0.78194,6.62286,66.22865
1.44000,0.79305,67.13297,0.79305,6.71330,67.13297
1.46000,0.80427,68.04667,0.80427,6.80467,68.04667
1.48000,0.81521,68.94744,0.81521,6.89474,68.94744
1.50000,0.82597,69.83450,0.82597,6.98345,69.83450
1.52000,0.83691,70.70953,0.83691,7.07095,70.70953
1.54000,0.84802,71.57595,0.84802,7.15760,71.57595
1.56000,0.85924,72.47002,0.85924,7.24700,72.47002
1.58000,0.87029,73.37903,0.87029,7.33790,73.37903
1.60000,0.88111,74.27024,0.88111,7.42702,74.27024
1.62000,0.89199,75.13584,0.89199,7.51358,75.13584
1.64000,0.90298,76.00333,0.90298,7.60033,76.00333
1.66000,0.91420,76.88879,0.91420,7.68888,76.88879
1.68000,0.92531,77.77369,0.92531,7.77737,77.77369
1.70000,0.93619,78.65505,0.93619,7.86551,78.65505
1.72000,0.94707,79.53089,0.94707,7.95309,79.53089
1.74000,0.95806,80.39166,0.95806,8.03917,80.39166
1.76000,0.96917,81.27065,0.96917,8.12707,81.27065
1.78000,0.98022,82.15920,0.98022,8.21592,82.15920
1.80000,0.99116,83.04510,0.99116,8.30451,83.04510
1.82000,1.00198,83.91994,1.00198,8.39199,83.91994
1.84000,1.01297,84.79000,1.01297,8.47900,84.79000
1.86000,1.02408,85.66904,1.02408,8.56690,85.66904
1.88000,1.03519,86.55867,1.03519,8.65587,86.55867
1.90000,1.04618,87.44976,1.04618,8.74498,87.44976
1.92000,1.05706,88.33836,1.05706,8.83384,88.33836
1.94000,1.06800,89.20608,1.06800,8.92061,89.20608
1.96000,1.07910,90.07365,1.07910,9.00737,90.07365
1.98000,1.09021,90.94316,1.09021,9.09432,90.94316
2.00000,1.10120,91.82385,1.10120,9.18239,91.82385
2.02000,1.11208,92.69635,1.11208,9.26964,92.69635
2.04000,1.12308,93.54950,1.12308,9.35495,93.54950
2.06000,1.13418,94.40565,1.13418,9.44057,94.40565
2.08000,1.14523,95.28006,1.14523,9.52801,95.28006
2.10000,1.15617,96.15085,1.15617,9.61508,96.15085
2.12000,1.16705,97.00039,1.16705,9.70004,97.00039
2.14000,1.17799,97.84283,1.17799,9.78428,97.84283
2.16000,1.18909,98.68710,1.18909,9.86871,98.68710
2.18000,1.20020,99.53837,1.20020,9.95384,99.53837
2.20000,1.21119,100.38580,1.21119,10.03858,100.38580
2.22000,1.22202,101.23610,1.22202,10.12361,101.23610
2.24000,1.23301,102.07433,1.23301,10.20743,102.07433
2.26000,1.24406,102.90948,1.24406,10.29095,102.90948
2.28000,1.25517,103.77499,1.25517,10.37750,103.77499
2.30000,1.26622,104.66139,1.26622,10.46614,104.66139
2.32000,1.27710,105.53851,1.27710,10.55385,105.53851
2.34000,1.28798,106.41240,1.28798,10.64124,106.41240
2.36000,1.29897,107.27529,1.29897,10.72753,107.27529
2.38000,1.31013,108.13560,1.31013,10.81356,108.13560
2.40000,1.32124,109.01524,1.32124,10.90152,109.01524
2.42000,1.33218,109.90842,1.33218,10.99084,109.90842
2.44000,1.34306,110.78746,1.34306,11.07875,110.78746
2.46000,1.35411,111.64684,1.35411,11.16468,111.64684
2.48000,1.36521,112.51057,1.36521,11.25106,112.51057
2.50000,1.37632,113.39133,1.37632,11.33913,113.39133
2.52000,1.38714,114.29445,1.38714,11.42945,114.29445
2.54000,1.39797,115.18081,1.39797,11.51808,115.18081
2.56000,1.40902,116.06631,1.40902,11.60663,116.06631
2.58000,1.42018,116.96693,1.42018,11.69669,116.96693
2.60000,1.43129,117.87114,1.43129,11.78711,117.87114
2.62000,1.44217,118.76945,1.44217,11.87695,118.76945
2.64000,1.45299,119.65353,1.45299,11.96535,119.65353
2.66000,1.46393,120.52359,1.46393,12.05236,120.52359
2.68000,1.47503,121.39554,1.47503,12.13955,121.39554
2.70000,1.48625,122.26771,1.48625,12.22677,122.26771
2.72000,1.49725,123.16423,1.49725,12.31642,123.16423
2.74000,1.50807,124.03604,1.50807,12.40360,124.03604
2.76000,1.51901,124.89793,1.51901,12.48979,124.89793
2.78000,1.53006,125.75163,1.53006,12.57516,125.75163
2.80000,1.54122,126.63402,1.54122,12.66340,126.63402
2.82000,1.55233,127.52803,1.55233,12.75280,127.52803
2.84000,1.56315,128.41792,1.56315,12.84179,128.41792
2.86000,1.57403,129.28185,1.57403,12.92818,129.28185
2.88000,1.58502,130.14926,1.58502,13.01493,130.14926
2.90000,1.59619,131.03717,1.59619,13.10372,131.03717
2.92000,1.60729,131.94562,1.60729,13.19456,131.94562
2.94000,1.61817,132.84607,1.61817,13.28461,132.84607
2.96000,1.62905,133.71822,1.62905,13.37182,133.71822
2.98000,1.64005,134.58525,1.64005,13.45852,134.58525
3.00000,1.65115,135.46295,1.65115,13.54630,135.46295
3.02000,1.66220,136.34421,1.66220,13.63442,136.34421
3.04000,1.67308,137.22893,1.67308,13.72289,137.22893
3.06000,1.68396,138.09023,1.68396,13.80902,138.09023
3.08000,1.69496,138.94189,1.69496,13.89419,138.94189
3.10000,1.70606,139.78995,1.70606,13.97899,139.78995
3.12000,1.71717,140.67719,1.71717,14.06772,140.67719
3.14000,1.72805,141.56125,1.72805,14.15613,141.56125
3.16000,1.73904,142.43221,1.73904,14.24322,142.43221
3.18000,1.75004,143.30875,1.75004,14.33087,143.30875
3.20000,1.76114,144.18205,1.76114,14.41821,144.18205
3.22000,1.77225,145.08028,1.77225,14.50803,145.08028
3.24000,1.78319,145.99748,1.78319,14.59975,145.99748
3.26000,1.79407,146.89066,1.79407,14.68907,146.89066
3.28000,1.80512,147.76036,1.80512,14.77604,147.76036
3.30000,1.81617,148.63463,1.81617,14.86346,148.63463
3.32000,1.82727,149.51295,1.82727,14.95130,149.51295
3.34000,1.83821,150.40257,1.83821,15.04026,150.40257
3.36000,1.84903,151.28400,1.84903,15.12840,151.28400
3.38000,1.86003,152.13849,1.86003,15.21385,152.13849
3.40000,1.87113,152.99879,1.87113,15.29988,152.99879
3.42000,1.88224,153.86694,1.88224,15.38669,153.86694
3.44000,1.89318,154.74280,1.89318,15.47428,154.74280
3.46000,1.90406,155.59250,1.90406,15.55925,155.59250
3.48000,1.91499,156.42502,1.91499,15.64250,156.42502
3.50000,1.92610,157.26843,1.92610,15.72684,157.26843
3.52000,1.93726,158.10820,1.93726,15.81082,158.10820
3.54000,1.94826,158.96765,1.94826,15.89676,158.96765
3.56000,1.95902,159.82301,1.95902,15.98230,159.82301
3.58000,1.96996,160.63870,1.96996,16.06387,160.63870
3.60000,1.98107,161.45543,1.98107,16.14554,161.45543
3.62000,1.99223,162.31035,1.99223,16.23104,162.31035
3.64000,2.00328,163.16614,2.00328,16.31661,163.16614
3.66000,2.01405,164.02069,2.01405,16.40207,164.02069
3.68000,2.02498,164.85063,2.02498,16.48506,164.85063
3.70000,2.03603,165.67943,2.03603,16.56794,165.67943
3.72000,2.04720,166.52699,2.04720,16.65270,166.52699
3.74000,2.05825,167.38876,2.05825,16.73888,167.38876
3.76000,2.06918,168.25858,2.06918,16.82586,168.25858
3.78000,2.08006,169.09279,2.08006,16.90928,169.09279
3.80000,2.09100,169.90167,2.09100,16.99017,169.90167
3.82000,2.10211,170.73462,2.10211,17.07346,170.73462
3.84000,2.11321,171.61215,2.11321,17.16121,171.61215
3.86000,2.12409,172.45967,2.12409,17.24597,172.45967
3.88000,2.13486,173.28955,2.13486,17.32895,173.28955
3.90000,2.14585,174.11743,2.14585,17.41174,174.11743
3.92000,2.15702,174.95308,2.15702,17.49531,174.95308
3.94000,2.16818,175.80684,2.16818,17.58068,175.80684
3.96000,2.17917,176.67674,2.17917,17.66768,176.67674
3.98000,2.19005,177.52730,2.19005,17.75273,177.52730
4.00000,2.20105,178.35362,2.20105,17.83536,178.35362
4.02000,2.21215,179.20528,2.21215,17.92053,179.20528
4.04000,2.22326,180.06105,2.22326,18.00611,180.06105
4.06000,2.23425,180.92957,2.23425,18.09296,180.92957
4.08000,2.24513,181.78262,2.24513,18.17826,181.78262
4.10000,2.25607,182.60820,2.25607,18.26082,182.60820
4.12000,2.26712,183.43329,2.26712,18.34333,183.43329
4.14000,2.27828,184.27081,2.27828,18.42708,184.27081
4.16000,2.28928,185.10910,2.28928,18.51091,185.10910
4.18000,2.30010,185.93576,2.30010,18.59358,185.93576
4.20000,2.31098,186.74028,2.31098,18.67403,186.74028
4.22000,2.32209,187.53030,2.32209,18.75303,187.53030
4.24000,2.33319,188.33499,2.33319,18.83350,188.33499
4.26000,2.34424,189.15526,2.34424,18.91553,189.15526
4.28000,2.35507,189.95998,2.35507,18.99600,189.95998
4.30000,2.36606,190.74924,2.36606,19.07492,190.74924
4.32000,2.37705,191.53253,2.37705,19.15325,191.53253
4.34000,2.38816,192.33659,2.38816,19.23366,192.33659
4.36000,2.39915,193.13094,2.39915,19.31309,193.13094
4.38000,2.41003,193.90619,2.41003,19.39062,193.90619
4.40000,2.42097,194.67087,2.42097,19.46709,194.67087
4.42000,2.43202,195.44131,2.43202,19.54413,195.44131
4.44000,2.44318,196.21118,2.44318,19.62112,196.21118
4.46000,2.45429,197.00531,2.45429,19.70053,197.00531
4.48000,2.46517,197.78665,2.46517,19.77867,197.78665
4.50000,2.47605,198.54678,2.47605,19.85468,198.54678
4.52000,2.48704,199.30214,2.48704,19.93021,199.30214
4.54000,2.49821,200.06085,2.49821,20.00608,200.06085
4.56000,2.50926,200.82710,2.50926,20.08271,200.82710
4.58000,2.52014,201.60104,2.52014,20.16010,201.60104
4.60000,2.53102,202.35721,2.53102,20.23572,202.35721
4.62000,2.54207,203.10219,2.54207,20.31022,203.10219
4.64000,2.55317,203.84700,2.55317,20.38470,203.84700
4.66000,2.56428,204.60463,2.56428,20.46046,204.60463
4.68000,2.57516,205.36327,2.57516,20.53633,205.36327
4.70000,2.58598,206.10045,2.58598,20.61004,206.10045
4.72000,2.59698,206.82518,2.59698,20.68252,206.82518
4.74000,2.60808,207.55420,2.60808,20.75542,207.55420
4.76000,2.61925,208.29756,2.61925,20.82976,208.29756
4.78000,2.63018,209.04077,2.63018,20.90408,209.04077
4.80000,2.64101,209.75627,2.64101,20.97563,209.75627
4.82000,2.65194,210.46622,2.65194,21.04662,210.46622
4.84000,2.66305,211.19228,2.66305,21.11923,211.19228
4.86000,2.67421,211.92572,2.67421,21.19257,211.92572
4.88000,2.68526,212.66731,2.68526,21.26673,212.66731
4.90000,2.69609,213.39655,2.69609,21.33965,213.39655
4.92000,2.70697,214.11568,2.70697,21.41157,214.11568
4.94000,2.71807,214.82111,2.71807,21.48211,214.82111
4.96000,2.72924,215.55075,2.72924,21.55507,215.55075
4.98000,2.74029,216.28972,2.74029,21.62897,216.28972
5.00000,2.75117,217.00517,2.75117,21.70052,217.00517
5.02000,2.76199,217.70415,2.76199,21.77041,217.70415
5.04000,2.77304,218.39392,2.77304,21.83939,218.39392
5.06000,2.78415,219.07825,2.78415,21.90783,219.07825
5.08000,2.79520,219.80235,2.79520,21.98024,219.80235
5.10000,2.80608,220.52032,2.80608,22.05203,220.52032
5.12000,2.81696,221.20905,2.81696,22.12090,221.20905
5.14000,2.82795,221.90381,2.82795,22.19038,221.90381
5.16000,2.83906,222.59843,2.83906,22.25984,222.59843
5.18000,2.85022,223.29848,2.85022,22.32985,223.29848
5.20000,2.86110,224.01750,2.86110,22.40175,224.01750
5.22000,2.87198,224.70857,2.87198,22.47086,224.70857
5.24000,2.88297,225.39273,2.88297,22.53927,225.39273
5.26000,2.89414,226.07637,2.89414,22.60764,226.07637
5.28000,2.90530,226.78580,2.90530,22.67858,226.78580
5.30000,2.91618,227.49527,2.91618,22.74953,227.49527
5.32000,2.92706,228.16925,2.92706,22.81693,228.16925
5.34000,2.93805,228.81877,2.93805,22.88188,228.81877
5.36000,2.94910,229.48174,2.94910,22.94817,229.48174
5.38000,2.96027,230.16150,2.96027,23.01615,230.16150
5.40000,2.97126,230.82588,2.97126,23.08259,230.82588
5.42000,2.98208,231.49088,2.98208,23.14909,231.49088
5.44000,2.99296,232.12070,2.99296,23.21207,232.12070
5.46000,3.00407,232.72234,3.00407,23.27223,232.72234
5.48000,3.01518,233.35539,3.01518,23.33554,233.35539
5.50000,3.02611,234.00688,3.02611,23.40069,234.00688
5.52000,3.03705,234.62514,3.03705,23.46251,234.62514
5.54000,3.04799,235.22180,3.04799,23.52218,235.22180
5.56000,3.05909,235.81190,3.05909,23.58119,235.81190
5.58000,3.07020,236.41350,3.07020,23.64135,236.41350
5.60000,3.08119,237.03093,3.08119,23.70309,237.03093
5.62000,3.09207,237.63434,3.09207,23.76343,237.63434
5.64000,3.10301,238.20651,3.10301,23.82065,238.20651
5.66000,3.11406,238.78012,3.11406,23.87801,238.78012
5.68000,3.12522,239.37323,3.12522,23.93732,239.37323
5.70000,3.13622,239.96353,3.13622,23.99635,239.96353
5.72000,3.14715,240.53947,3.14715,24.05395,240.53947
5.74000,3.15809,241.09489,3.15809,24.10949,241.09489
5.76000,3.16914,241.65685,3.16914,24.16568,241.65685
5.78000,3.18030,242.20915,3.18030,24.22091,242.20915
5.80000,3.19124,242.78061,3.19124,24.27806,242.78061
5.82000,3.20212,243.35779,3.20212,24.33578,243.35779
5.84000,3.21300,243.86528,3.21300,24.38653,243.86528
5.86000,3.22399,244.37708,3.22399,24.43771,244.37708
5.88000,3.23516,244.91200,3.23516,24.49120,244.91200
5.90000,3.24626,245.47232,3.24626,24.54723,245.47232
5.92000,3.25714,246.01828,3.25714,24.60183,246.01828
5.94000,3.26797,246.52791,3.26797,24.65279,246.52791
5.96000,3.27896,247.02917,3.27896,24.70292,247.02917
5.98000,3.29007,247.53900,3.29007,24.75390,247.53900
6.00000,3.30123,248.06477,3.30123,24.80648,248.06477
6.02000,3.31222,248.60115,3.31222,24.86012,248.60115
6.04000,3.32310,249.11514,3.32310,24.91151,249.11514
6.06000,3.33398,249.61771,3.33398,24.96177,249.61771
6.08000,3.34509,250.10472,3.34509,25.01047,250.10472
6.10000,3.35620,250.60397,3.35620,25.06040,250.60397
6.12000,3.36725,251.14557,3.36725,25.11456,251.14557
6.14000,3.37807,251.64238,3.37807,25.16424,251.64238
6.16000,3.38901,252.09827,3.38901,25.20983,252.09827
6.18000,3.40011,252.57152,3.40011,25.25715,252.57152
6.20000,3.41122,253.05611,3.41122,25.30561,253.05611
6.22000,3.42221,253.54001,3.42221,25.35400,253.54001
6.24000,3.43309,254.01074,3.43309,25.40107,254.01074
6.26000,3.44397,254.47127,3.44397,25.44713,254.47127
6.28000,3.45502,254.90648,3.45502,25.49065,254.90648
6.30000,3.46619,255.35089,3.46619,25.53509,255.35089
6.32000,3.47712,255.82802,3.47712,25.58280,255.82802
6.34000,3.48806,256.28757,3.48806,25.62876,256.28757
6.36000,3.49900,256.73849,3.49900,25.67385,256.73849
6.38000,3.50999,257.16266,3.50999,25.71627,257.16266
6.40000,3.52115,257.60925,3.52115,25.76093,257.60925
6.42000,3.53220,258.08276,3.53220,25.80828,258.08276
6.44000,3.54308,258.54550,3.54308,25.85455,258.54550
6.46000,3.55402,258.99881,3.55402,25.89988,258.99881
6.48000,3.56501,259.43207,3.56501,25.94321,259.43207
6.50000,3.57618,259.86032,3.57618,25.98603,259.86032
6.52000,3.58728,260.33316,3.58728,26.03332,260.33316
6.54000,3.59822,260.80438,3.59822,26.08044,260.80438
6.56000,3.60910,261.23029,3.60910,26.12303,261.23029
6.58000,3.62015,261.65085,3.62015,26.16508,261.65085
6.60000,3.63120,262.11719,3.63120,26.21172,262.11719
6.62000,3.64231,262.55399,3.64231,26.25540,262.55399
6.64000,3.65324,262.96930,3.65324,26.29693,262.96930
6.66000,3.66407,263.40222,3.66407,26.34022,263.40222
6.68000,3.67506,263.80975,3.67506,26.38098,263.80975
6.70000,3.68611,264.19757,3.68611,26.41976,264.19757
6.72000,3.69722,264.63242,3.69722,26.46324,264.63242
6.74000,3.70815,265.08313,3.70815,26.50831,265.08313
6.76000,3.71903,265.48169,3.71903,26.54817,265.48169
6.78000,3.72997,265.88553,3.72997,26.58855,265.88553
6.80000,3.74108,266.30212,3.74108,26.63021,266.30212
6.82000,3.75230,266.70953,3.75230,26.67095,266.70953
6.84000,3.76323,267.12863,3.76323,26.71286,267.12863
6.86000,3.77406,267.55231,3.77406,26.75523,267.55231
6.88000,3.78494,267.93991,3.78494,26.79399,267.93991
6.90000,3.79604,268.31860,3.79604,26.83186,268.31860
6.92000,3.80726,268.74567,3.80726,26.87457,268.74567
6.94000,3.81831,269.14856,3.81831,26.91486,269.14856
6.96000,3.82908,269.53690,3.82908,26.95369,269.53690
6.98000,3.83996,269.92072,3.83996,26.99207,269.92072
7.00000,3.85101,270.31030,3.85101,27.03103,270.31030
7.02000,3.86223,270.71393,3.86223,27.07139,270.71393
7.04000,3.87322,271.11865,3.87322,27.11187,271.11865
7.06000,3.88410,271.52570,3.88410,27.15257,271.52570
7.08000,3.89498,271.88855,3.89498,27.18885,271.88855
7.10000,3.90603,272.26648,3.90603,27.22665,272.26648
7.12000,3.91714,272.66376,3.91714,27.26638,272.66376
7.14000,3.92819,273.05701,3.92819,27.30570,273.05701
7.16000,3.93907,273.45059,3.93907,27.34506,273.45059
7.18000,3.94995,273.80865,3.94995,27.38087,273.80865
7.20000,3.96100,274.16885,3.96100,27.41689,274.16885
7.22000,3.97211,274.56604,3.97211,27.45660,274.56604
7.24000,3.98327,274.97897,3.98327,27.49790,274.97897
7.26000,3.99415,275.34027,3.99415,27.53403,275.34027
7.28000,4.00503,275.69510,4.00503,27.56951,275.69510
7.30000,4.01602,276.07867,4.01602,27.60787,276.07867
7.32000,4.02713,276.44452,4.02713,27.64445,276.44452
7.34000,4.03824,276.80914,4.03824,27.68091,276.80914
7.36000,4.04917,277.19809,4.04917,27.71981,277.19809
7.38000,4.06005,277.57480,4.06005,27.75748,277.57480
7.40000,4.07105,277.89713,4.07105,27.78971,277.89713
7.42000,4.08210,278.24411,4.08210,27.82441,278.24411
7.44000,4.09332,278.64108,4.09332,27.86411,278.64108
7.46000,4.10425,279.03183,4.10425,27.90318,279.03183
7.48000,4.11513,279.36011,4.11513,27.93601,279.36011
7.50000,4.12601,279.67496,4.12601,27.96749,279.67496
7.52000,4.13706,280.01364,4.13706,28.00136,280.01364
7.54000,4.14817,280.34473,4.14817,28.03447,280.34473
7.56000,4.15916,280.69736,4.15916,28.06974,280.69736
7.58000,4.17004,281.05789,4.17004,28.10579,281.05789
7.60000,4.18104,281.36276,4.18104,28.13628,281.36276
7.62000,4.19209,281.66592,4.19209,28.16659,281.66592
7.64000,4.20325,282.01392,4.20325,28.20139,282.01392
7.66000,4.21424,282.37900,4.21424,28.23790,282.37900
7.68000,4.22507,282.69876,4.22507,28.26988,282.69876
7.70000,4.23600,283.02969,4.23600,28.30297,283.02969
7.72000,4.24705,283.34308,4.24705,28.33431,283.34308
7.74000,4.25822,283.64893,4.25822,28.36489,283.64893
7.76000,4.26927,283.97482,4.26927,28.39748,283.97482
7.78000,4.28015,284.32040,4.28015,28.43204,284.32040
7.80000,4.29103,284.63013,4.29103,28.46301,284.63013
7.82000,4.30208,284.92001,4.30208,28.49200,284.92001
7.84000,4.31318,285.23441,4.31318,28.52344,285.23441
7.86000,4.32423,285.54413,4.32423,28.55441,285.54413
7.88000,4.33511,285.83408,4.33511,28.58341,285.83408
7.90000,4.34605,286.13950,4.34605,28.61395,286.13950
7.92000,4.35704,286.44354,4.35704,28.64435,286.44354
7.94000,4.36815,286.71811,4.36815,28.67181,286.71811
7.96000,4.37920,287.01889,4.37920,28.70189,287.01889
7.98000,4.39014,287.33493,4.39014,28.73349,287.33493
8.00000,4.40096,287.61017,4.40096,28.76102,287.61017
8.02000,4.41190,287.88510,4.41190,28.78851,287.88510
8.04000,4.42306,288.17001,4.42306,28.81700,288.17001
8.06000,4.43428,288.46432,4.43428,28.84643,288.46432
8.08000,4.44522,288.77463,4.44522,28.87746,288.77463
8.10000,4.45604,289.05353,4.45604,28.90535,289.05353
8.12000,4.46698,289.33429,4.46698,28.93343,289.33429
8.14000,4.47803,289.62427,4.47803,28.96243,289.62427
8.16000,4.48925,289.91678,4.48925,28.99168,289.91678
8.18000,4.50024,290.22098,4.50024,29.02210,290.22098
8.20000,4.51106,290.52036,4.51106,29.05204,290.52036
8.22000,4.52206,290.81125,4.52206,29.08113,290.81125
8.24000,4.53305,291.08762,4.53305,29.10876,291.08762
8.26000,4.54421,291.36224,4.54421,29.13622,291.36224
8.28000,4.55526,291.66913,4.55526,29.16691,291.66913
8.30000,4.56614,291.94379,4.56614,29.19438,291.94379
8.32000,4.57702,292.19229,4.57702,29.21923,292.19229
8.34000,4.58802,292.45221,4.58802,29.24522,292.45221
8.36000,4.59912,292.72687,4.59912,29.27269,292.72687
8.38000,4.61017,292.98828,4.61017,29.29883,292.98828
8.40000,4.62111,293.25781,4.62111,29.32578,293.25781
8.42000,4.63199,293.52423,4.63199,29.35242,293.52423
8.44000,4.64304,293.76505,4.64304,29.37650,293.76505
8.46000,4.65415,294.04184,4.65415,29.40418,294.04184
8.48000,4.66525,294.33383,4.66525,29.43338,294.33383
8.50000,4.67613,294.61041,4.67613,29.46104,294.61041
8.52000,4.68707,294.86319,4.68707,29.48632,294.86319
8.54000,4.69806,295.11816,4.69806,29.51182,295.11816
8.56000,4.70917,295.38220,4.70917,29.53822,295.38220
8.58000,4.72028,295.66071,4.72028,29.56607,295.66071
8.60000,4.73116,295.93433,4.73116,29.59343,295.93433
8.62000,4.74209,296.19781,4.74209,29.61978,296.19781
8.64000,4.75309,296.44418,4.75309,29.64442,296.44418
8.66000,4.76408,296.67700,4.76408,29.66770,296.67700
8.68000,4.77519,296.96152,4.77519,29.69615,296.96152
8.70000,4.78612,297.23264,4.78612,29.72326,297.23264
8.72000,4.79700,297.45770,4.79700,29.74577,297.45770
8.74000,4.80805,297.72479,4.80805,29.77248,297.72479
8.76000,4.81910,298.01068,4.81910,29.80107,298.01068
8.78000,4.83021,298.25104,4.83021,29.82510,298.25104
8.80000,4.84109,298.52240,4.84109,29.85224,298.52240
8.82000,4.85197,298.81564,4.85197,29.88157,298.81564
8.84000,4.86296,299.05685,4.86296,29.90569,299.05685
8.86000,4.87413,299.28128,4.87413,29.92813,299.28128
8.88000,4.88523,299.56433,4.88523,29.95643,299.56433
8.90000,4.89623,299.85562,4.89623,29.98556,299.85562
8.92000,4.90705,300.09570,4.90705,30.00957,300.09570
8.94000,4.91799,300.32602,4.91799,30.03260,300.32602
8.96000,4.92909,300.59909,4.92909,30.05991,300.59909
8.98000,4.94020,300.83911,4.94020,30.08391,300.83911
9.00000,4.95125,301.09113,4.95125,30.10911,301.09113
9.02000,4.96207,301.35965,4.96207,30.13597,301.35965
9.04000,4.97301,301.60025,4.97301,30.16002,301.60025
9.06000,4.98406,301.83759,4.98406,30.18376,301.83759
9.08000,4.99517,302.07462,4.99517,30.20746,302.07462
9.10000,5.00622,302.30453,5.00622,30.23045,302.30453
9.12000,5.01704,302.54193,5.01704,30.25419,302.54193
9.14000,5.02798,302.77698,5.02798,30.27770,302.77698
9.16000,5.03903,302.98505,5.03903,30.29850,302.98505
9.18000,5.05025,303.20276,5.05025,30.32028,303.20276
9.20000,5.06124,303.45145,5.06124,30.34514,303.45145
9.22000,5.07212,303.68576,5.07212,30.36858,303.68576
9.24000,5.08300,303.87961,5.08300,30.38796,303.87961
9.26000,5.09399,304.08984,5.09399,30.40899,304.08984
9.28000,5.10510,304.30991,5.10510,30.43099,304.30991
9.30000,5.11626,304.50815,5.11626,30.45082,304.50815
9.32000,5.12720,304.74182,5.12720,30.47418,304.74182
9.34000,5.13808,304.97470,5.13808,30.49747,304.97470
9.36000,5.14902,305.18713,5.14902,30.51871,305.18713
9.38000,5.16012,305.39456,5.16012,30.53946,305.39456
9.40000,5.17123,305.62546,5.17123,30.56255,305.62546
9.42000,5.18228,305.86380,5.18228,30.58638,305.86380
9.44000,5.19310,306.08102,5.19310,30.60810,306.08102
9.46000,5.20404,306.30240,5.20404,30.63024,306.30240
9.48000,5.21509,306.50809,5.21509,30.65081,306.50809
9.50000,5.22620,306.70312,5.22620,30.67031,306.70312
9.52000,5.23725,306.96069,5.23725,30.69607,306.96069
9.54000,5.24807,307.20566,5.24807,30.72057,307.20566
9.56000,5.25901,307.39389,5.25901,30.73939,307.39389
9.58000,5.27011,307.59979,5.27011,30.75998,307.59979
9.60000,5.28116,307.83276,5.28116,30.78328,307.83276
9.62000,5.29216,308.07126,5.29216,30.80713,308.07126
9.64000,5.30309,308.27820,5.30309,30.82782,308.27820
9.66000,5.31409,308.50488,5.31409,30.85049,308.50488
9.68000,5.32508,308.74933,5.32508,30.87493,308.74933
9.70000,5.33624,308.98270,5.33624,30.89827,308.98270
9.72000,5.34724,309.23975,5.34724,30.92397,309.23975
9.74000,5.35806,309.50980,5.35806,30.95098,309.50980
9.76000,5.36900,309.73969,5.36900,30.97397,309.73969
9.78000,5.38005,309.95966,5.38005,30.99597,309.95966
9.80000,5.39115,310.20560,5.39115,31.02056,310.20560
9.82000,5.40220,310.47263,5.40220,31.04726,310.47263
9.84000,5.41308,310.74283,5.41308,31.07428,310.74283
9.86000,5.42408,311.00644,5.42408,31.10064,311.00644
9.88000,5.43507,311.26035,5.43507,31.12603,311.26035
9.90000,5.44618,311.49789,5.44618,31.14979,311.49789
9.92000,5.45723,311.77332,5.45723,31.17733,311.77332
9.94000,5.46811,312.06250,5.46811,31.20625,312.06250
9.96000,5.47904,312.31946,5.47904,31.23195,312.31946
9.98000,5.49004,312.57007,5.49004,31.25701,312.57007
10.00000,5.50114,312.82336,5.50114,31.28234,312.82336
10.02000,5.51219,313.08212,5.51219,31.30821,313.08212
10.04000,5.52313,313.36523,5.52313,31.33652,313.36523
10.06000,5.53401,313.62943,5.53401,31.36294,313.62943
10.08000,5.54495,313.86630,5.54495,31.38663,313.86630
10.10000,5.55611,314.11713,5.55611,31.41171,314.11713
10.12000,5.56727,314.40759,5.56727,31.44076,314.40759
10.14000,5.57821,314.71002,5.57821,31.47100,314.71002
10.16000,5.58909,314.99164,5.58909,31.49916,314.99164
10.18000,5.59997,315.26044,5.59997,31.52604,315.26044
10.20000,5.61108,315.52985,5.61108,31.55298,315.52985
10.22000,5.62224,315.81198,5.62224,31.58120,315.81198
10.24000,5.63323,316.12695,5.63323,31.61270,316.12695
10.26000,5.64406,316.42838,5.64406,31.64284,316.42838
10.28000,5.65494,316.67688,5.65494,31.66769,316.67688
10.30000,5.66604,316.95584,5.66604,31.69558,316.95584
10.32000,5.67721,317.26706,5.67721,31.72671,317.26706
10.34000,5.68820,317.56146,5.68820,31.75615,317.56146
10.36000,5.69914,317.85645,5.69914,31.78564,317.85645
10.38000,5.71002,318.15198,5.71002,31.81520,318.15198
10.40000,5.72107,318.39972,5.72107,31.83997,318.39972
10.42000,5.73223,318.67398,5.73223,31.86740,318.67398
10.44000,5.74328,318.99030,5.74328,31.89903,318.99030
10.46000,5.75416,319.30066,5.75416,31.93007,319.30066
10.48000,5.76504,319.56046,5.76504,31.95605,319.56046
10.50000,5.77603,319.81891,5.77603,31.98189,319.81891
10.52000,5.78720,320.10294,5.78720,32.01029,320.10294
10.54000,5.79830,320.38385,5.79830,32.03838,320.38385
10.56000,5.80918,320.67416,5.80918,32.06742,320.67416
10.58000,5.82006,320.95935,5.82006,32.09594,320.95935
10.60000,5.83106,321.21585,5.83106,32.12159,321.21585
10.62000,5.84211,321.47672,5.84211,32.14767,321.47672
10.64000,5.85321,321.78128,5.85321,32.17813,321.78128
10.66000,5.86421,322.08185,5.86421,32.20818,322.08185
10.68000,5.87509,322.35059,5.87509,32.23506,322.35059
10.70000,5.88608,322.61621,5.88608,32.26162,322.61621
10.72000,5.89713,322.88751,5.89713,32.28875,322.88751
10.74000,5.90824,323.17389,5.90824,32.31739,323.17389
10.76000,5.91917,323.46716,5.91917,32.34672,323.46716
10.78000,5.93000,323.74692,5.93000,32.37469,323.74692
10.80000,5.94099,323.97885,5.94099,32.39788,323.97885
10.82000,5.95210,324.25934,5.95210,32.42593,324.25934
10.84000,5.96315,324.56021,5.96315,32.45602,324.56021
10.86000,5.97414,324.85211,5.97414,32.48521,324.85211
10.88000,5.98502,325.12610,5.98502,32.51261,325.12610
10.90000,5.99601,325.40332,5.99601,32.54033,325.40332
10.92000,6.00712,325.67233,6.00712,32.56723,325.67233
10.94000,6.01823,325.95377,6.01823,32.59538,325.95377
10.96000,6.02922,326.27197,6.02922,32.62720,326.27197
10.98000,6.04004,326.56476,6.04004,32.65648,326.56476
11.00000,6.05098,326.82449,6.05098,32.68245,326.82449
11.02000,6.06209,327.08887,6.06209,32.70889,327.08887
11.04000,6.07325,327.38757,6.07325,32.73876,327.38757
11.06000,6.08424,327.67395,6.08424,32.76740,327.67395
11.08000,6.09507,327.97064,6.09507,32.79707,327.97064
11.10000,6.10600,328.24753,6.10600,32.82475,328.24753
11.12000,6.11705,328.51187,6.11705,32.85119,328.51187
11.14000,6.12822,328.79025,6.12822,32.87902,328.79025
11.16000,6.13927,329.10425,6.13927,32.91042,329.10425
11.18000,6.15003,329.39340,6.15003,32.93934,329.39340
11.20000,6.16097,329.64639,6.16097,32.96464,329.64639
11.22000,6.17208,329.92657,6.17208,32.99266,329.92657
11.24000,6.18318,330.21942,6.18318,33.02194,330.21942
11.26000,6.19423,330.49387,6.19423,33.04939,330.49387
11.28000,6.20511,330.77960,6.20511,33.07796,330.77960
11.30000,6.21599,331.04837,6.21599,33.10484,331.04837
11.32000,6.22704,331.30374,6.22704,33.13037,331.30374
11.34000,6.23821,331.56659,6.23821,33.15666,331.56659
11.36000,6.24931,331.86710,6.24931,33.18671,331.86710
11.38000,6.26014,332.14981,6.26014,33.21498,332.14981
11.40000,6.27096,332.38614,6.27096,33.23861,332.38614
11.42000,6.28201,332.64713,6.28201,33.26471,332.64713
11.44000,6.29312,332.93823,6.29312,33.29382,332.93823
11.46000,6.30428,333.25409,6.30428,33.32541,333.25409
11.48000,6.31522,333.55048,6.31522,33.35505,333.55048
11.50000,6.32610,333.81000,6.32610,33.38100,333.81000
11.52000,6.33698,334.07703,6.33698,33.40770,334.07703
11.54000,6.34808,334.34433,6.34808,33.43443,334.34433
11.56000,6.35925,334.63419,6.35925,33.46342,334.63419
11.58000,6.37024,334.93839,6.37024,33.49384,334.93839
11.60000,6.38106,335.21878,6.38106,33.52188,335.21878
11.62000,6.39194,335.46790,6.39194,33.54679,335.46790
11.64000,6.40305,335.72562,6.40305,33.57256,335.72562
11.66000,6.41416,336.01871,6.41416,33.60187,336.01871
11.68000,6.42515,336.31223,6.42515,33.63122,336.31223
11.70000,6.43603,336.59491,6.43603,33.65949,336.59491
11.72000,6.44697,336.86630,6.44697,33.68663,336.86630
11.74000,6.45807,337.12897,6.45807,33.71290,337.12897
11.76000,6.46924,337.43289,6.46924,33.74329,337.43289
11.78000,6.48029,337.74899,6.48029,33.77490,337.74899
11.80000,6.49111,338.04431,6.49111,33.80443,338.04431
11.82000,6.50199,338.31079,6.50199,33.83108,338.31079
11.84000,6.51304,338.58154,6.51304,33.85815,338.58154
11.86000,6.52415,338.86963,6.52415,33.88696,338.86963
11.88000,6.53525,339.19586,6.53525,33.91959,339.19586
11.90000,6.54619,339.51669,6.54619,33.95167,339.51669
11.92000,6.55713,339.81149,6.55713,33.98115,339.81149
11.94000,6.56812,340.08087,6.56812,34.00809,340.08087
11.96000,6.57917,340.34897,6.57917,34.03490,340.34897
11.98000,6.59022,340.64648,6.59022,34.06465,340.64648
12.00000,6.60110,340.92398,6.60110,34.09240,340.92398
12.02000,6.61204,341.20941,6.61204,34.12094,341.20941
12.04000,6.62303,341.49463,6.62303,34.14946,341.49463
12.06000,6.63419,341.78571,6.63419,34.17857,341.78571
12.08000,6.64519,342.07065,6.64519,34.20707,342.07065
12.10000,6.65612,342.37100,6.65612,34.23710,342.37100
12.12000,6.66695,342.66022,6.66695,34.26602,342.66022
12.14000,6.67800,342.92218,6.67800,34.29222,342.92218
12.16000,6.68910,343.20084,6.68910,34.32008,343.20084
12.18000,6.70027,343.50140,6.70027,34.35014,343.50140
12.20000,6.71120,343.79568,6.71120,34.37957,343.79568
12.22000,6.72197,344.07196,6.72197,34.40720,344.07196
12.24000,6.73296,344.34598,6.73296,34.43460,344.34598
12.26000,6.74413,344.63547,6.74413,34.46355,344.63547
12.28000,6.75523,344.93329,6.75523,34.49333,344.93329
12.30000,6.76623,345.23303,6.76623,34.52330,345.23303
12.32000,6.77705,345.52942,6.77705,34.55294,345.52942
12.34000,6.78799,345.82538,6.78799,34.58254,345.82538
12.36000,6.79909,346.11673,6.79909,34.61167,346.11673
12.38000,6.81026,346.40668,6.81026,34.64067,346.40668
12.40000,6.82125,346.69949,6.82125,34.66995,346.69949
12.42000,6.83207,346.97662,6.83207,34.69766,346.97662
12.44000,6.84301,347.24426,6.84301,34.72443,347.24426
12.46000,6.85406,347.52103,6.85406,34.75210,347.52103
12.48000,6.86517,347.80051,6.86517,34.78005,347.80051
12.50000,6.87627,348.08435,6.87627,34.80843,348.08435
12.52000,6.88710,348.37924,6.88710,34.83792,348.37924
12.54000,6.89798,348.63983,6.89798,34.86398,348.63983
12.56000,6.90903,348.90149,6.90903,34.89015,348.90149
12.58000,6.92019,349.18570,6.92019,34.91857,349.18570
12.60000,6.93130,349.49585,6.93130,34.94958,349.49585
12.62000,6.94218,349.79907,6.94218,34.97991,349.79907
12.64000,6.95300,350.06995,6.95300,35.00700,350.06995
12.66000,6.96394,350.32248,6.96394,35.03225,350.32248
12.68000,6.97504,350.58563,6.97504,35.05856,350.58563
12.70000,6.98626,350.89545,6.98626,35.08955,350.89545
12.72000,6.99726,351.21240,6.99726,35.12124,351.21240
12.74000,7.00808,351.49197,7.00808,35.14920,351.49197
12.76000,7.01902,351.74966,7.01902,35.17496,351.74966
12.78000,7.03012,352.01709,7.03012,35.20171,352.01709
12.80000,7.04123,352.29556,7.04123,35.22956,352.29556
12.82000,7.05222,352.58167,7.05222,35.25817,352.58167
12.84000,7.06310,352.85617,7.06310,35.28562,352.85617
12.86000,7.07404,353.10608,7.07404,35.31061,353.10608
12.88000,7.08509,353.34589,7.08509,35.33459,353.34589
12.90000,7.09620,353.63232,7.09620,35.36323,353.63232
12.92000,7.10719,353.93585,7.10719,35.39359,353.93585
12.94000,7.11807,354.20752,7.11807,35.42075,354.20752
12.96000,7.12901,354.44992,7.12901,35.44499,354.44992
12.98000,7.14017,354.69858,7.14017,35.46986,354.69858
13.00000,7.15122,354.98090,7.15122,35.49809,354.98090
13.02000,7.16216,355.27908,7.16216,35.52791,355.27908
13.04000,7.17304,355.56570,7.17304,35.55657,355.56570
13.06000,7.18403,355.83252,7.18403,35.58325,355.83252
13.08000,7.19508,356.09406,7.19508,35.60941,356.09406
13.10000,7.20619,356.37048,7.20619,35.63705,356.37048
13.12000,7.21718,356.66959,7.21718,35.66696,356.66959
13.14000,7.22806,356.96542,7.22806,35.69654,356.96542
13.16000,7.23905,357.26047,7.23905,35.72605,357.26047
13.18000,7.25005,357.53311,7.25005,35.75331,357.53311
13.20000,7.26121,357.80899,7.26121,35.78090,357.80899
13.22000,7.27220,358.11258,7.27220,35.81126,358.11258
13.24000,7.28308,358.42300,7.28308,35.84230,358.42300
13.26000,7.29408,358.71503,7.29408,35.87150,358.71503
13.28000,7.30507,358.98486,7.30507,35.89849,358.98486
13.30000,7.31618,359.26178,7.31618,35.92618,359.26178
13.32000,7.32717,359.54819,7.32717,35.95482,359.54819
13.34000,7.33811,359.83212,7.33811,35.98321,359.83212
13.36000,7.34899,360.11182,7.34899,36.01118,360.11182
13.38000,7.36009,360.39853,7.36009,36.03985,360.39853
13.40000,7.37120,360.67758,7.37120,36.06776,360.67758
13.42000,7.38225,360.99448,7.38225,36.09945,360.99448
13.44000,7.39313,361.31042,7.39313,36.13104,361.31042
13.46000,7.40395,361.59943,7.40395,36.15994,361.59943
13.48000,7.41500,361.87598,7.41500,36.18760,361.87598
13.50000,7.42617,362.18494,7.42617,36.21849,362.18494
13.52000,7.43727,362.50885,7.43727,36.25089,362.50885
13.54000,7.44815,362.82452,7.44815,36.28245,362.82452
13.56000,7.45898,363.12485,7.45898,36.31248,363.12485
13.58000,7.46997,363.43802,7.46997,36.34380,363.43802
13.60000,7.48113,363.74976,7.48113,36.37498,363.74976
13.62000,7.49224,364.08298,7.49224,36.40830,364.08298
13.64000,7.50323,364.43634,7.50323,36.44363,364.43634
13.66000,7.51406,364.75720,7.51406,36.47572,364.75720
13.68000,7.52499,365.05154,7.52499,36.50515,365.05154
13.70000,7.53604,365.35779,7.53604,36.53578,365.35779
13.72000,7.54721,365.70404,7.54721,36.57040,365.70404
13.74000,7.55820,366.06360,7.55820,36.60636,366.06360
13.76000,7.56908,366.38876,7.56908,36.63888,366.38876
13.78000,7.57996,366.69592,7.57996,36.66959,366.69592
13.80000,7.59101,367.00989,7.59101,36.70099,367.00989
13.82000,7.60223,367.35626,7.60223,36.73563,367.35626
13.84000,7.61322,367.71927,7.61322,36.77193,367.71927
13.86000,7.62410,368.07916,7.62410,36.80791,368.07916
13.88000,7.63498,368.39941,7.63498,36.83994,368.39941
13.90000,7.64603,368.70966,7.64603,36.87096,368.70966
13.92000,7.65714,369.06335,7.65714,36.90633,369.06335
13.94000,7.66825,369.44980,7.66825,36.94498,369.44980
13.96000,7.67913,369.81424,7.67913,36.98142,369.81424
13.98000,7.69006,370.13190,7.69006,37.01319,370.13190
14.00000,7.70100,370.44241,7.70100,37.04424,370.44241
14.02000,7.71211,370.76727,7.71211,37.07673,370.76727
14.04000,7.72327,371.11407,7.72327,37.11141,371.11407
14.06000,7.73426,371.47675,7.73426,37.14767,371.47675
14.08000,7.74514,371.81064,7.74514,37.18106,371.81064
14.10000,7.75608,372.11945,7.75608,37.21194,372.11945
14.12000,7.76707,372.42038,7.76707,37.24204,372.42038
14.14000,7.77812,372.74283,7.77812,37.27428,372.74283
14.16000,7.78912,373.08163,7.78912,37.30816,373.08163
14.18000,7.80005,373.40735,7.80005,37.34074,373.40735
14.20000,7.81105,373.71207,7.81105,37.37121,373.71207
14.22000,7.82210,374.02228,7.82210,37.40223,374.02228
14.24000,7.83315,374.35074,7.83315,37.43507,374.35074
14.26000,7.84414,374.68784,7.84414,37.46878,374.68784
14.28000,7.85508,375.01376,7.85508,37.50138,375.01376
14.30000,7.86607,375.32193,7.86607,37.53219,375.32193
14.32000,7.87712,375.64505,7.87712,37.56451,375.64505
14.34000,7.88823,375.95770,7.88823,37.59577,375.95770
14.36000,7.89922,376.29980,7.89922,37.62998,376.29980
14.38000,7.91010,376.63876,7.91010,37.66388,376.63876
14.40000,7.92098,376.95340,7.92098,37.69534,376.95340
14.42000,7.93209,377.23965,7.93209,37.72396,377.23965
14.44000,7.94325,377.54526,7.94325,37.75452,377.54526
14.46000,7.95424,377.88654,7.95424,37.78865,377.88654
14.48000,7.96507,378.19348,7.96507,37.81935,378.19348
14.50000,7.97601,378.48746,7.97601,37.84875,378.48746
14.52000,7.98711,378.80542,7.98711,37.88054,378.80542
14.54000,7.99822,379.11667,7.99822,37.91167,379.11667
14.56000,8.00921,379.42566,8.00921,37.94257,379.42566
14.58000,8.02009,379.72195,8.02009,37.97219,379.72195
14.60000,8.03097,379.99908,8.03097,37.99991,379.99908
14.62000,8.04202,380.28232,8.04202,38.02823,380.28232
14.64000,8.05318,380.59055,8.05318,38.05906,380.59055
14.66000,8.06423,380.90442,8.06423,38.09044,380.90442
14.68000,8.07511,381.21539,8.07511,38.12154,381.21539
14.70000,8.08599,381.49466,8.08599,38.14947,381.49466
14.72000,8.09699,381.77429,8.09699,38.17743,381.77429
14.74000,8.10815,382.06644,8.10815,38.20664,382.06644
14.76000,8.11932,382.40237,8.11932,38.24024,382.40237
14.78000,8.13019,382.71918,8.13019,38.27192,382.71918
14.80000,8.14102,382.99594,8.14102,38.29959,382.99594
14.82000,8.15195,383.26511,8.15195,38.32651,383.26511
14.84000,8.16312,383.54782,8.16312,38.35478,383.54782
14.86000,8.17434,383.87396,8.17434,38.38740,383.87396
14.88000,8.18522,384.20499,8.18522,38.42050,384.20499
14.90000,8.19610,384.49615,8.19610,38.44962,384.49615
14.92000,8.20703,384.77499,8.20703,38.47750,384.77499
14.94000,8.21814,385.07651,8.21814,38.50765,385.07651
14.96000,8.22925,385.41583,8.22925,38.54158,385.41583
14.98000,8.24024,385.75003,8.24024,38.57500,385.75003
15.00000,8.25106,386.04663,8.25106,38.60466,386.04663
15.02000,8.26194,386.32080,8.26194,38.63208,386.32080
15.04000,8.27299,386.59930,8.27299,38.65993,386.59930
15.06000,8.28421,386.92398,8.28421,38.69240,386.92398
15.08000,8.29526,387.27878,8.29526,38.72788,387.27878
15.10000,8.30614,387.59164,8.30614,38.75916,387.59164
15.12000,8.31702,387.87308,8.31702,38.78731,387.87308
15.14000,8.32807,388.15808,8.32807,38.81581,388.15808
15.16000,8.33918,388.46033,8.33918,38.84603,388.46033
15.18000,8.35023,388.79788,8.35023,38.87979,388.79788
15.20000,8.36111,389.12070,8.36111,38.91207,389.12070
15.22000,8.37205,389.41870,8.37205,38.94187,389.41870
15.24000,8.38304,389.70288,8.38304,38.97029,389.70288
15.26000,8.39415,390.00806,8.39415,39.00080,390.00806
15.28000,8.40525,390.32108,8.40525,39.03211,390.32108
15.30000,8.41613,390.63855,8.41613,39.06385,390.63855
15.32000,8.42701,390.92126,8.42701,39.09212,390.92126
15.34000,8.43801,391.19434,8.43801,39.11943,391.19434
15.36000,8.44917,391.47214,8.44917,39.14721,391.47214
15.38000,8.46022,391.78003,8.46022,39.17800,391.78003
15.40000,8.47110,392.10318,8.47110,39.21032,392.10318
15.42000,8.48204,392.40063,8.48204,39.24006,392.40063
15.44000,8.49303,392.68936,8.49303,39.26894,392.68936
15.46000,8.50414,392.96918,8.50414,39.29692,392.96918
15.48000,8.51524,393.25424,8.51524,39.32542,393.25424
15.50000,8.52618,393.54257,8.52618,39.35426,393.54257
15.52000,8.53706,393.81448,8.53706,39.38145,393.81448
15.54000,8.54805,394.09229,8.54805,39.40923,394.09229
15.56000,8.55910,394.37421,8.55910,39.43742,394.37421
15.58000,8.57021,394.67014,8.57021,39.46701,394.67014
15.60000,8.58109,394.96942,8.58109,39.49694,394.96942
15.62000,8.59203,395.27628,8.59203,39.52763,395.27628
15.64000,8.60302,395.57764,8.60302,39.55776,395.57764
15.66000,8.61413,395.87912,8.61413,39.58791,395.87912
15.68000,8.62523,396.17923,8.62523,39.61792,396.17923
15.70000,8.63617,396.48059,8.63617,39.64806,396.48059
15.72000,8.64705,396.77103,8.64705,39.67710,396.77103
15.74000,8.65804,397.05417,8.65804,39.70542,397.05417
15.76000,8.66915,397.34012,8.66915,39.73401,397.34012
15.78000,8.68026,397.64432,8.68026,39.76443,397.64432
15.80000,8.69119,397.94620,8.69119,39.79462,397.94620
15.82000,8.70202,398.22504,8.70202,39.82250,398.22504
15.84000,8.71295,398.46631,8.71295,39.84663,398.46631
15.86000,8.72400,398.72330,8.72400,39.87233,398.72330
15.88000,8.73522,399.01086,8.73522,39.90108,399.01086
15.90000,8.74627,399.32413,8.74627,39.93241,399.32413
15.92000,8.75710,399.62433,8.75710,39.96243,399.62433
15.94000,8.76798,399.88470,8.76798,39.98847,399.88470
15.96000,8.77897,400.12848,8.77897,40.01285,400.12848
15.98000,8.79013,400.38995,8.79013,40.03899,400.38995
16.00000,8.80124,400.70258,8.80124,40.07026,400.70258
16.02000,8.81212,401.01144,8.81212,40.10114,401.01144
16.04000,8.82306,401.28195,8.82306,40.12820,401.28195
16.06000,8.83405,401.52359,8.83405,40.15236,401.52359
16.08000,8.84516,401.76410,8.84516,40.17641,401.76410
16.10000,8.85627,402.03125,8.85627,40.20312,402.03125
16.12000,8.86720,402.31018,8.86720,40.23102,402.31018
16.14000,8.87802,402.55023,8.87802,40.25502,402.55023
16.16000,8.88896,402.76160,8.88896,40.27616,402.76160
16.18000,8.90007,402.99387,8.90007,40.29939,402.99387
16.20000,8.91123,403.26373,8.91123,40.32637,403.26373
16.22000,8.92217,403.54749,8.92217,40.35475,403.54749
16.24000,8.93305,403.79523,8.93305,40.37952,403.79523
16.26000,8.94398,403.99951,8.94398,40.39995,403.99951
16.28000,8.95515,404.20407,8.95515,40.42041,404.20407
16.30000,8.96620,404.44339,8.96620,40.44434,404.44339
16.32000,8.97713,404.69666,8.97713,40.46967,404.69666
16.34000,8.98807,404.92856,8.98807,40.49286,404.92856
16.36000,8.99906,405.14270,8.99906,40.51427,405.14270
16.38000,9.01011,405.36417,9.01011,40.53642,405.36417
16.40000,9.02122,405.58789,9.02122,40.55879,405.58789
16.42000,9.03227,405.83044,9.03227,40.58305,405.83044
16.44000,9.04309,406.06863,9.04309,40.60686,406.06863
16.46000,9.05403,406.25815,9.05403,40.62582,406.25815
16.48000,9.06508,406.43906,9.06508,40.64391,406.43906
16.50000,9.07619,406.62973,9.07619,40.66297,406.62973
16.52000,9.08724,406.84723,9.08724,40.68472,406.84723
16.54000,9.09818,407.05606,9.09818,40.70560,407.05606
16.56000,9.10905,407.24625,9.10905,40.72462,407.24625
16.58000,9.12010,407.42392,9.12010,40.74239,407.42392
16.60000,9.13121,407.60739,9.13121,40.76074,407.60739
16.62000,9.14220,407.79691,9.14220,40.77969,407.79691
16.64000,9.15308,407.99411,9.15308,40.79941,407.99411
16.66000,9.16396,408.16656,9.16396,40.81666,408.16656
16.68000,9.17501,408.32852,9.17501,40.83285,408.32852
16.70000,9.18618,408.49112,9.18618,40.84911,408.49112
16.72000,9.19723,408.69089,9.19723,40.86909,408.69089
16.74000,9.20811,408.88992,9.20811,40.88899,408.88992
16.76000,9.21899,409.06470,9.21899,40.90647,409.06470
16.78000,9.22998,409.22363,9.22998,40.92236,409.22363
16.80000,9.24114,409.39392,9.24114,40.93939,409.39392
16.82000,9.25225,409.59848,9.25225,40.95985,409.59848
16.84000,9.26319,409.80518,9.26319,40.98052,409.80518
16.86000,9.27401,409.98303,9.27401,40.99830,409.98303
16.88000,9.28506,410.14081,9.28506,41.01408,410.14081
16.90000,9.29617,410.30551,9.29617,41.03055,410.30551
16.92000,9.30733,410.49054,9.30733,41.04905,410.49054
16.94000,9.31821,410.68808,9.31821,41.06881,410.68808
16.96000,9.32903,410.83752,9.32903,41.08375,410.83752
16.98000,9.33997,410.95844,9.33997,41.09584,410.95844
17.00000,9.35102,411.09055,9.35102,41.10905,411.09055
17.02000,9.36218,411.24026,9.36218,41.12403,411.24026
17.04000,9.37323,411.40030,9.37323,41.14003,411.40030
17.06000,9.38406,411.54297,9.38406,41.15430,411.54297
17.08000,9.39494,411.66074,9.39494,41.16607,411.66074
17.10000,9.40604,411.78903,9.40604,41.17890,411.78903
17.12000,9.41721,411.93622,9.41721,41.19362,411.93622
17.14000,9.42826,412.08826,9.42826,41.20882,412.08826
17.16000,9.43919,412.22931,9.43919,41.22293,412.22931
17.18000,9.45007,412.34619,9.45007,41.23462,412.34619
17.20000,9.46112,412.44406,9.46112,41.24441,412.44406
17.22000,9.47229,412.56882,9.47229,41.25688,412.56882
17.24000,9.48328,412.71823,9.48328,41.27182,412.71823
17.26000,9.49410,412.84290,9.49410,41.28429,412.84290
17.28000,9.50504,412.93564,9.50504,41.29356,412.93564
17.30000,9.51603,413.02423,9.51603,41.30242,413.02423
17.32000,9.52720,413.12708,9.52720,41.31271,413.12708
17.34000,9.53825,413.25601,9.53825,41.32560,413.25601
17.36000,9.54918,413.38110,9.54918,41.33811,413.38110
17.38000,9.56006,413.47101,9.56006,41.34710,413.47101
17.40000,9.57106,413.53720,9.57106,41.35372,413.53720
17.42000,9.58216,413.62781,9.58216,41.36278,413.62781
17.44000,9.59321,413.74771,9.59321,41.37477,413.74771
17.46000,9.60409,413.86157,9.60409,41.38616,413.86157
17.48000,9.61503,413.93445,9.61503,41.39344,413.93445
17.50000,9.62597,413.98724,9.62597,41.39872,413.98724
17.52000,9.63713,414.05515,9.63713,41.40551,414.05515
17.54000,9.64824,414.14822,9.64824,41.41482,414.14822
17.56000,9.65912,414.24771,9.65912,41.42477,414.24771
17.58000,9.67000,414.32410,9.67000,41.43241,414.32410
17.60000,9.68099,414.37036,9.68099,41.43703,414.37036
17.62000,9.69210,414.45053,9.69210,41.44505,414.45053
17.64000,9.70326,414.54065,9.70326,41.45406,414.54065
17.66000,9.71420,414.64072,9.71420,41.46407,414.64072
17.68000,9.72508,414.72498,9.72508,41.47250,414.72498
17.70000,9.73601,414.78214,9.73601,41.47821,414.78214
17.72000,9.74718,414.84756,9.74718,41.48476,414.84756
17.74000,9.75828,414.94946,9.75828,41.49495,414.94946
17.76000,9.76922,415.05841,9.76922,41.50584,415.05841
17.78000,9.78004,415.14014,9.78004,41.51402,415.14014
17.80000,9.79098,415.19568,9.79098,41.51957,415.19568
17.82000,9.80209,415.28516,9.80209,41.52851,415.28516
17.84000,9.81325,415.37973,9.81325,41.53797,415.37973
17.86000,9.82424,415.50793,9.82424,41.55079,415.50793
17.88000,9.83507,415.62756,9.83507,41.56276,415.62756
17.90000,9.84589,415.69974,9.84589,41.56997,415.69974
17.92000,9.85694,415.76990,9.85694,41.57699,415.76990
17.94000,9.86816,415.86987,9.86816,41.58699,415.86987
17.96000,9.87927,415.99292,9.87927,41.59929,415.99292
17.98000,9.89015,416.09943,9.89015,41.60994,416.09943
18.00000,9.90103,416.17410,9.90103,41.61741,416.17410
18.02000,9.91208,416.24161,9.91208,41.62416,416.24161
18.04000,9.92318,416.32785,9.92318,41.63279,416.32785
18.06000,9.93429,416.43762,9.93429,41.64376,416.43762
18.08000,9.94517,416.53860,9.94517,41.65386,416.53860
18.10000,9.95605,416.60315,9.95605,41.66032,416.60315
18.12000,9.96704,416.66208,9.96704,41.66621,416.66208
18.14000,9.97815,416.72787,9.97815,41.67279,416.72787
18.16000,9.98926,416.81155,9.98926,41.68116,416.81155
18.18000,10.00020,416.90216,10.00020,41.69022,416.90216
