,Rhe_100.00,Rhe_79.43,Rhe_63.10,Rhe_50.12,Rhe_39.81,Rhe_31.62,Rhe_25.12,Rhe_19.95,Rhe_15.85,Rhe_12.59,Rhe_10.00,Rhe_7.94,Rhe_6.31,Rhe_5.01,Rhe_3.98,Rhe_3.16,Rhe_2.51,Rhe_2.00,Rhe_1.58,Rhe_1.26,Rhe_1.00,Rhe_0.79,Rhe_0.63,Rhe_0.50,Rhe_0.40,Rhe_0.32,Rhe_0.25,Rhe_0.20,Rhe_0.16,Rhe_0.13,Rhe_0.10,Rhe_SM_100.00,Rhe_SM_79.43,Rhe_SM_63.10,Rhe_SM_50.12,Rhe_SM_39.81,Rhe_SM_31.62,Rhe_SM_25.12,Rhe_SM_19.95,Rhe_SM_15.85,Rhe_SM_12.59,Rhe_SM_10.00,Rhe_SM_7.94,Rhe_SM_6.31,Rhe_SM_5.01,Rhe_SM_3.98,Rhe_SM_3.16,Rhe_SM_2.51,Rhe_SM_2.00,Rhe_SM_1.58,Rhe_SM_1.26,Rhe_SM_1.00,Rhe_SM_0.79,Rhe_SM_0.63,Rhe_SM_0.50,Rhe_SM_0.40,Rhe_SM_0.32,Rhe_SM_0.25,Rhe_SM_0.20,Rhe_SM_0.16,Rhe_SM_0.13,Rhe_SM_0.10,Rhe_LM_100.00,Rhe_LM_79.43,Rhe_LM_63.10,Rhe_LM_50.12,Rhe_LM_39.81,Rhe_LM_31.62,Rhe_LM_25.12,Rhe_LM_19.95,Rhe_LM_15.85,Rhe_LM_12.59,Rhe_LM_10.00,Rhe_LM_7.94,Rhe_LM_6.31,Rhe_LM_5.01,Rhe_LM_3.98,Rhe_LM_3.16,Rhe_LM_2.51,Rhe_LM_2.00,Rhe_LM_1.58,Rhe_LM_1.26,Rhe_LM_1.00,Rhe_LM_0.79,Rhe_LM_0.63,Rhe_LM_0.50,Rhe_LM_0.40,Rhe_LM_0.32,Rhe_LM_0.25,Rhe_LM_0.20,Rhe_LM_0.16,Rhe_LM_0.13,Rhe_LM_0.10,Rhe_Loss_100.00,Rhe_Loss_79.43,Rhe_Loss_63.10,Rhe_Loss_50.12,Rhe_Loss_39.81,Rhe_Loss_31.62,Rhe_Loss_25.12,Rhe_Loss_19.95,Rhe_Loss_15.85,Rhe_Loss_12.59,Rhe_Loss_10.00,Rhe_Loss_7.94,Rhe_Loss_6.31,Rhe_Loss_5.01,Rhe_Loss_3.98,Rhe_Loss_3.16,Rhe_Loss_2.51,Rhe_Loss_2.00,Rhe_Loss_1.58,Rhe_Loss_1.26,Rhe_Loss_1.00,Rhe_Loss_0.79,Rhe_Loss_0.63,Rhe_Loss_0.50,Rhe_Loss_0.40,Rhe_Loss_0.32,Rhe_Loss_0.25,Rhe_Loss_0.20,Rhe_Loss_0.16,Rhe_Loss_0.13,Rhe_Loss_0.10,Rhe_Crossover,Rhe_SMCrossover,Rhe_Log,Rhe_V_deg,Rhe_V_deg_custom
0,3.2371030777246834,3.29435350881059,3.3509477406258523,3.407397487679264,3.4627018228577815,3.5176756563083456,3.571781921028821,3.625563326599898,3.677789230556801,3.729332920666652,3.779847184273863,3.829793825007246,3.8786225694259295,3.926716487319249,3.973920498516012,4.020428079709768,4.066088282634875,4.110959569977377,4.1549266596083,4.197913151843156,4.240675565925817,4.283120710167107,4.324971772397112,4.365887712528256,4.406381244025893,4.446072004875792,4.485527544100226,4.524427705135214,4.563111342730223,4.601155993951539,4.63887222972747,5.142605220548035,5.09423335620071,5.045292037293553,4.996225334638612,4.946172041175688,4.895834072558273,4.843934849935776,4.791451017946691,4.737943959586393,4.683988133677976,4.628585140637815,4.572384182402401,4.515022435605256,4.456897667167416,4.397828032599047,4.3380189566631095,4.277117524648675,4.215199100449333,4.153093668304205,4.090785426855807,4.027351648750131,3.962324239637607,3.8971526799975873,3.831754218667304,3.766024339013817,3.69966461158196,3.6331414632928865,3.566232465061176,3.4991438405387076,3.4315251180107733,3.3636074395170086,5.009754884674736,4.977389804476443,4.943060546552989,4.908298811611977,4.871777110029572,4.834747580028507,4.79578922856505,4.75610863258578,4.715025706047685,4.673327743942672,4.6299865670669105,4.585739324644494,4.540104270767355,4.493556966714722,4.445884662884321,4.397331947191224,4.347648458520137,4.296912211622992,4.245640770233126,4.19378891357374,4.140791298883809,4.086171421344065,4.031123191814979,3.9754007100726723,3.9192032296436086,3.8621030335143676,3.8046069757298535,3.746176254003636,3.687407292670808,3.627640148810169,3.5675236321929127,0.73614,0.76388,0.79022,0.8169,0.84269,0.86876,0.89496,0.92169,0.94862,0.97606,1.00365,1.03167,1.05981,1.08827,1.11716,1.14655,1.17645,1.20687,1.23735,1.2678,1.29883,1.33035,1.36157,1.39182,1.42242,1.45307,1.48372,1.51343,1.54296,1.57075,1.59892,1.013070512732858,4.635826606184568,0.678551373979726,-7.429916630434095e-06,-0.056993204473733794
1,3.2445745316973453,3.303667449627166,3.3618921702776587,3.4199257282910573,3.476800889283631,3.5333418010345987,3.588919214806836,3.6441358467000877,3.6976995389405944,3.7505382822314424,3.8023734037956975,3.853655129938161,3.9038083242158907,3.9532197001035,4.001537339629127,4.048999033027244,4.095732382065118,4.141787636877185,4.186728713705838,4.2304614707746815,4.2740852541080985,4.317554743193502,4.360307001513555,4.40193029344331,4.443005396677658,4.483038688840367,4.522633624415094,4.561193562176062,4.5994222179689865,4.636673221414059,4.673732785402585,5.159353899326914,5.113047857438698,5.065829011432528,5.018409182239361,4.96992090079689,4.921124323504472,4.870574711838642,4.819368678877694,4.766978111508384,4.714068029787714,4.659663201933776,4.604434173950403,4.547964935021734,4.4906804679581915,4.4321783918949205,4.3727234292807395,4.312357630172566,4.251143835637373,4.189404043635586,4.127093809927202,4.063859261554326,3.9993159893830557,3.9344873366975643,3.869209478588929,3.8035815231969488,3.737288223106067,3.6704848515645216,3.6024771576756653,3.5341918428535473,3.4650872387527265,3.39596686756924,4.9990161989539175,4.969428880324073,4.93767692029279,4.905448344662768,4.871451595047233,4.836944648712156,4.800405317170096,4.763104961805863,4.724275883858758,4.6847763371651965,4.643633668302041,4.601584985031102,4.558109051523721,4.513694943140671,4.467924395736751,4.421092314954973,4.373135090584027,4.324130349439706,4.274423140859701,4.223954110912121,4.1723519141068035,4.119145283226787,4.0653738551732035,4.010713400675341,3.9553812279328358,3.8987724809210182,3.8416147474285225,3.78316080947621,3.7242391128019956,3.6639370053039673,3.6033602781021226,0.6913,0.71806,0.74419,0.77089,0.79703,0.82361,0.85063,0.87837,0.90625,0.93468,0.96385,0.99385,1.02393,1.05436,1.08573,1.11807,1.15042,1.1828,1.2159,1.24974,1.28381,1.31778,1.35185,1.3855,1.41874,1.45037,1.48271,1.5158,1.54891,1.58058,1.61192,0.8793104529330299,4.592751029361599,0.72709923542312,-9.258164859211692e-06,-0.05063518630556918
2,3.200848351227029,3.2543586331331884,3.3072895342142363,3.360092864928515,3.4118336964483893,3.4632679493348686,3.5138841712522746,3.5641940800464105,3.6130726777126436,3.6613235298835938,3.7086660662219377,3.75550775830242,3.801544623603486,3.8470524515632643,3.8919271142409424,3.936306269059092,3.9801251438709464,4.023422393188754,4.066140826147119,4.108231535475083,4.150341613039083,4.192479114485909,4.234151964932528,4.275093425505129,4.315744540703342,4.355843865940911,4.395681004281271,4.434899096157513,4.473919773085557,4.5123578547660115,4.550398859560316,5.088952019123406,5.035624740133812,4.9820268841170705,4.928369451880911,4.874099909733439,4.819653746704453,4.763974820221758,4.7078342870702645,4.651103143374181,4.594112969028956,4.536072871504176,4.477453848152902,4.4182373713977166,4.358628170148234,4.298502922527077,4.237973822981386,4.176783320481504,4.114977046567465,4.053278636685286,3.9916972050591424,3.929298539460785,3.865742763587049,3.8019173439416636,3.7376674868659405,3.673134476421473,3.6080633416558054,3.5424722517563283,3.4756535024472255,3.4085309316425123,3.3405117484601865,3.271857136350814,5.002289077323256,4.966004043366965,4.927514713471111,4.888540036741989,4.847645936267235,4.806197996898771,4.762641844714483,4.718296275140864,4.672539102179502,4.626162826619386,4.578158471974897,4.529256397426113,4.479241480792947,4.428495059230607,4.376905197019338,4.324655267747466,4.271577867219617,4.217730084677202,4.1638105279080175,4.109813131799751,4.0549517445350425,3.9988670439232705,3.9426769244530195,3.886320868153489,3.829695018763299,3.772556437399315,3.7151478501406627,3.6571017555492356,3.5987955421432445,3.5397216882378335,3.480312503974666,0.81924,0.85196,0.88196,0.91211,0.94056,0.96908,0.99669,1.0244,1.05067,1.07662,1.10185,1.12691,1.15097,1.17451,1.19772,1.22074,1.24378,1.26683,1.28976,1.31249,1.33547,1.35864,1.38274,1.40812,1.43395,1.46024,1.48801,1.51868,1.55003,1.58219,1.61612,1.3879095541761348,4.757187220949562,0.5461037114979135,-2.6644608413287837e-06,-0.06690446422129456
3,3.1256570429399035,3.174511073649027,3.2223301101230466,3.2699212622083578,3.3160042505736103,3.3616520695689065,3.406140004091014,3.4501936198045193,3.492505066135081,3.5340524308691093,3.57450966151912,3.6143657931502315,3.6530537028192467,3.690973703840183,3.727905408258487,3.76406368190723,3.799560711273591,3.834442117114475,3.8683915072253363,3.9013301311157598,3.934044447493008,3.9664411706074683,3.998353847798767,4.029504607576295,4.06024109633672,4.0901902797115826,4.11981131341029,4.148657556583763,4.177173420277932,4.2047142935338755,4.232107799727145,4.988110148348374,4.9275102726465505,4.866078098134229,4.804462666281548,4.741591483567874,4.678357961186667,4.613322194898326,4.547611581061454,4.480819212351169,4.4135524063734906,4.344883583032384,4.275441689911205,4.204894637846466,4.13362113105314,4.061402012041037,3.9884428679152255,3.9148334447121966,3.8406186058502194,3.7661289294981226,3.6913411933198845,3.6154470725295105,3.5379864374046393,3.4604386319448524,3.382753615363482,3.304629290264176,3.2256700718969658,3.1462187658279706,3.065605592381883,2.9842719766531243,2.9008122462474994,2.8171616913658313,4.9602915484174055,4.919817818961353,4.876681310441085,4.832958505338457,4.7868535976299444,4.740061347660508,4.690832634491106,4.640691591005326,4.588825404772593,4.536202603592485,4.481753808097632,4.4262981629245886,4.369362058822749,4.3114528044267075,4.252285288998748,4.19213307326481,4.1309278975499755,4.068742407855108,4.006112308927251,3.9430000345931635,3.8787426326623327,3.8128638609551966,3.7467356041990754,3.680214642142941,3.6132810944215548,3.5455634415887247,3.4774359549517753,3.40834081679808,3.338886572781169,3.2683725647357402,3.1976920963051265,0.93798,0.98271,1.02502,1.06811,1.11017,1.15304,1.19577,1.23939,1.28249,1.32613,1.3704,1.41564,1.46059,1.50574,1.55152,1.59806,1.64463,1.69123,1.73805,1.78494,1.8332,1.88293,1.93317,1.98339,2.03512,2.0886,2.14392,2.20177,2.2629,2.33094,2.40133,1.8586243302785803,4.902092313637063,0.7505618454518359,-1.5212278749590174e-05,-0.22887349576867577
4,3.184765200681847,3.2436758837667865,3.302036123253832,3.360275167763082,3.4173781993848493,3.4741534413133803,3.529992005823267,3.5854798335333675,3.6393490481824706,3.6925083697668892,3.744646957854164,3.7962227155520902,3.846661010882589,3.8963516180608306,3.944991182393763,3.9928082131773053,4.039991395388429,4.086584460518037,4.132143422688544,4.176580907054263,4.2208423361744885,4.264854491257708,4.30817356328167,4.350401679433305,4.392027017580611,4.432506799283734,4.472588750320653,4.511731388650402,4.550608997739773,4.588704473444791,4.6265744244397125,5.099927835342821,5.053338589003493,5.006222203417975,4.958989751159792,4.910730287914329,4.862174486448927,4.811927513307912,4.761047283390467,4.709047295749959,4.656556203612633,4.602580865773184,4.547787117543591,4.49179423124561,4.435013115071443,4.377067661504132,4.318211010691344,4.2585538664712095,4.198151456463337,4.13734502559456,4.076100436578028,4.013870630420967,3.950245869142164,3.8863013151238675,3.8218533883605588,3.756989754499317,3.6913360865294185,3.625218235889233,3.5580044081270406,3.4905653759559097,3.422461733630924,3.3542351193591,4.938348990923538,4.908843004840826,4.8773577314459535,4.845436654132777,4.811694156914132,4.777426099313773,4.741110740617383,4.704028772870494,4.66543024319252,4.6261665781615635,4.58522897304271,4.5433683605967605,4.500041313204817,4.455750333726315,4.410169890544669,4.3635803278833265,4.315950768195329,4.26735296298639,4.218118501585161,4.168193590297069,4.117091569959537,4.064322898141893,4.011045836596267,3.956968538746286,3.9021762284180164,3.846025065875083,3.7893624391507954,3.731492200878173,3.673226670624245,3.6137945858198988,3.554077114114808,0.68911,0.71687,0.74319,0.76989,0.79603,0.82261,0.84928,0.87652,0.90425,0.93268,0.96125,0.99025,1.01936,1.04881,1.07894,1.1098,1.14093,1.17232,1.20401,1.23591,1.26802,1.30003,1.3323,1.36449,1.39658,1.42771,1.45928,1.49092,1.52267,1.55337,1.58412,0.8661824783066294,4.5288518035279655,0.7088544452357386,-9.418997283735659e-06,-0.05461700177104539
5,3.32121683136254,3.3805466788162986,3.43896117370253,3.4971741230038593,3.553851140009177,3.6100849712576673,3.6652714323003397,3.7200657082374238,3.7731396551712924,3.825459098227697,3.8765870314450246,3.9270579678237714,3.9762854652009225,4.024695612694601,4.071911889786904,4.118193856877103,4.163678528223103,4.208420910523321,4.252146914085766,4.294770660173193,4.337167055143982,4.379241546630204,4.420705346578038,4.461207879787077,4.501293592651974,4.540587154734437,4.5794180430938445,4.617156518480672,4.654703229489832,4.691684020648701,4.7283858376968215,5.233643470086999,5.187211736904738,5.139764744272175,5.092094209533099,5.042960310705518,4.993404166432618,4.9420028826536875,4.889910688894058,4.836581518555272,4.782709833726681,4.727186559738989,4.6707526026162975,4.613019327400959,4.554431971224422,4.494585144140963,4.433752669915856,4.372003125018667,4.309399780591597,4.246390661951167,4.18294148351402,4.118514258279104,4.052702231138855,3.986626671355471,3.9201362943808915,3.853373188034045,3.7860917688440154,3.7181326425443233,3.648573390380372,3.578890716244399,3.508843811025566,3.4384563737011677,5.080461254742244,5.051455952364687,5.0202599687839,4.988581636178742,4.9546637209287905,4.920099586750574,4.88336471743984,4.8458170193184245,4.806603800571562,4.766660116114962,4.724819704285518,4.681933440517291,4.637430331777785,4.5918644218102145,4.5448256330665,4.496634186541777,4.447181972406471,4.396555974071169,4.345345147747737,4.293500078970098,4.240384754806333,4.18547089383386,4.130162354669723,4.07423256675311,4.017786663797302,3.9603599050786364,3.9024216540412517,3.843275726265479,3.78378793154185,3.723291248548321,3.662510141455,0.70293,0.73169,0.75935,0.78754,0.81586,0.84491,0.87401,0.90374,0.93356,0.96396,0.99477,1.02624,1.05779,1.08969,1.12227,1.15559,1.18892,1.22228,1.25591,1.28975,1.32381,1.35779,1.39204,1.42618,1.4604,1.49396,1.52883,1.5658,1.60287,1.63843,1.67503,0.9831636855640903,4.717685173462714,0.7906143600505828,-7.3116298856368835e-06,-0.06497538575728251
6,3.3284226372391124,3.3882978600972677,3.4471935257103605,3.50587351247194,3.563145648508584,3.6200115591678617,3.6757838555297835,3.7311466500209813,3.784705294313177,3.8374726719656733,3.8890060103956388,3.939858900790348,3.989433596731854,4.0381680963861015,4.085667909307344,4.1322014709518795,4.177877739764027,4.222755862731203,4.266453200957614,4.308869984900091,4.350921304830715,4.392455169440095,4.433307319883275,4.473086409680131,4.512276240169968,4.550346206053392,4.588076199505185,4.625003488553484,4.661565249063196,4.697048291173114,4.732307108786637,5.242045592744462,5.196452465563714,5.149767691934747,5.102842557134094,5.054492676989424,5.005731694610922,4.955015328654553,4.903566772098955,4.850707928181969,4.797230559046426,4.741978751392934,4.685748521781372,4.628068823116367,4.569436344616209,4.509397827160103,4.448258960223108,4.386046024794817,4.32283312375159,4.258946385341837,4.194328873804446,4.128500824556657,4.060958792183294,3.9929970328911737,3.9243745960033287,3.8553090571490354,3.785401418640543,3.7151807278878013,3.6442208913368472,3.5728050037255024,3.50004325590768,3.4272254655696424,5.085241283758296,5.056396223996658,5.0254145961228796,4.993962533956672,4.960576443224714,4.9266322995398975,4.890563211201544,4.853698440297735,4.815179883208322,4.775936006987853,4.73479897707514,4.692618065962136,4.648863212945299,4.604073760363487,4.557764388195443,4.510265544566364,4.461477304511165,4.411488626545822,4.360749365245403,4.309196100822889,4.256246306647711,4.201319185504313,4.145907237291387,4.089732140582766,4.032847148548323,3.974613028574167,3.91586515216859,3.8559042519382163,3.7954787649067514,3.733682223195947,3.671577910693863,0.69671,0.72397,0.75096,0.77866,0.80576,0.83333,0.86201,0.89173,0.92156,0.95196,0.98337,1.01583,1.04892,1.08279,1.11758,1.15335,1.18962,1.22641,1.26414,1.3028,1.34197,1.38135,1.42178,1.4632,1.50483,1.54566,1.58695,1.6278,1.66967,1.71248,1.75533,0.9483620724014178,4.712942663400829,0.8311076093348326,-7.376421396514766e-06,-0.1312074360867781
7,3.5827340128415694,3.6477068936117862,3.7116567389066084,3.7753813305501596,3.837516420810871,3.89919286936688,3.960034595406497,4.020563761295397,4.079393121739381,4.137476979384835,4.194391232891457,4.250660568725738,4.306056033006508,4.360877074988403,4.41466264815262,4.467637875413027,4.519896879488123,4.571489074557444,4.622062203359731,4.671530160692229,4.720823992100215,4.769871281268884,4.818163196700025,4.865266106437515,4.911907300027844,4.957671019479992,5.003065554958208,5.047588414927833,5.091951924150376,5.135845170182279,5.179464305823228,5.514574674683714,5.475376359580001,5.43507247858985,5.394525171611441,5.352491284254721,5.310028452545014,5.266014033987014,5.221418625942048,5.175657839233123,5.12938593961852,5.081515330300401,5.032763195543313,4.98312415872494,4.932902134418931,4.881609187861334,4.829478150032069,4.77646065093333,4.722617849721446,4.668361816685023,4.613657636258362,4.557974530463991,4.500905378260255,4.443343766075085,4.38500699092069,4.326395629052225,4.267262425677317,4.207625687874507,4.146800060798356,4.085905671546658,4.024808355428719,3.963469724231996,5.296551300574668,5.272973048467649,5.247239062213817,5.221030421569373,5.192669316143294,5.163687129150028,5.1327859480014055,5.101166202192031,5.067906444878902,5.033927409758224,4.998185140111754,4.961470626395667,4.923518069394917,4.8847517091009465,4.844676288100387,4.803576411291888,4.761381233801689,4.71816632293664,4.674369090349702,4.629940333332571,4.5843258189509575,4.537032407793386,4.489246577700125,4.440685649324441,4.391510332834729,4.341167395060704,4.290385662232351,4.2385678956085355,4.186396794760385,4.133182961040705,4.079663894399751,0.60561,0.62789,0.64929,0.67103,0.69234,0.71399,0.7358,0.75807,0.78029,0.80283,0.82556,0.84866,0.87163,0.89468,0.9182,0.9422,0.96597,0.98952,1.01362,1.03827,1.06283,1.08697,1.1117,1.13707,1.16195,1.18531,1.20957,1.23537,1.26073,1.28365,1.3068,0.25621786815563535,4.6988637632995545,0.7359854965893842,-2.4485089903953972e-06,-0.02972680255228702
8,3.3314600101149097,3.3916713409708636,3.4509867267456333,3.5101048442325298,3.567878693101792,3.625264660502284,3.681759867866378,3.7379215301023265,3.7923677367965807,3.8460615762509254,3.8986393006868423,3.9506016010737897,4.00134271464285,4.051281105148417,4.10024009724448,4.148432623921971,4.1956954489352745,4.242092714723432,4.287576147154404,4.33206853217019,4.3761991447003465,4.4198175282131,4.462907841778312,4.505166939766827,4.546941921137477,4.587796857728729,4.6284431181394,4.668596676090813,4.708572153858833,4.748022095517287,4.787267395146769,5.245296447498371,5.200320794826548,5.154389963025144,5.108248817724887,5.060821093310198,5.013022133772564,4.963561340798585,4.9134782766239224,4.862152231986928,4.810281039759843,4.756843688888295,4.702542761217148,4.646911847898189,4.590406694891452,4.532878813406102,4.474550556272328,4.4150626557907575,4.354495118414957,4.293753886757039,4.232824284747177,4.1705310748919295,4.10630715257147,4.0420595276081315,3.9777745934964517,3.9130897207684323,3.8476447805834777,3.7820502150561746,3.7161023690250237,3.6499516649360984,3.5832023004708553,3.516475160774218,5.087914696703272,5.058859239902958,5.027772986445278,4.996239587651103,4.962844909391148,4.928913169430218,4.893056457444887,4.856478942459507,4.818341083000164,4.779518886144756,4.7389261734564485,4.697357201772404,4.654289765792565,4.610237343882522,4.5649180062126415,4.518607195131313,4.471022760192322,4.422252571338903,4.3728963171110955,4.322904477840686,4.271654349949552,4.218622629236173,4.165188214206433,4.111119932420562,4.056496604039431,4.000818431078219,3.9447613114627855,3.8878094657516393,3.830577171596916,3.7725172397359104,3.714147497241638,0.6959,0.72216,0.74742,0.77312,0.79831,0.82389,0.84994,0.87668,0.90393,0.93186,0.95994,0.98846,1.01736,1.04681,1.07667,1.10705,1.13768,1.16859,1.19956,1.2305,1.26241,1.2954,1.32793,1.35915,1.3909,1.423,1.45486,1.48505,1.51567,1.54637,1.57642,0.8597227564162738,4.680136258518013,0.7409448850091707,-5.935565281847857e-06,-0.0632449015237353
9,3.25823090042208,3.3162892082281337,3.373537912935725,3.4306083600593835,3.486073968792622,3.5410765130546364,3.594950756074218,3.6484025082764453,3.700099034437528,3.751025751713492,3.8008009522377946,3.8499412094028576,3.897843916673077,3.9449331458002965,3.9908623205361566,4.035883650838661,4.080149500315726,4.123711991534946,4.166231653062587,4.207620370926566,4.248813796437161,4.2897307093865225,4.329945212614324,4.36905407875639,4.407771413585877,4.445744658168094,4.483230293565878,4.519564641349437,4.555649077741115,4.5909959956623165,4.62614635385865,5.162380924408734,5.114521038735643,5.065909277605923,5.017131966815476,4.96674543305533,4.915894567126082,4.863109721002251,4.809600698653963,4.754806385084889,4.699448367181852,4.64247152043897,4.584602054611165,4.525430034631926,4.465401806650309,4.404102708705793,4.341809042449923,4.278644832223589,4.214670138419096,4.15022404092277,4.085266708506724,4.019307116162722,3.951928438168803,3.8841441232860277,3.8157213100523477,3.747026558481273,3.677814999278681,3.607943023543339,3.5365117445667997,3.4648130582701127,3.3923252192383737,3.3197094925226946,5.033350281323309,5.002120776611896,4.968760234607647,4.934930476103257,4.899014238967919,4.862495960288998,4.823812506890133,4.784318306922234,4.743194026233066,4.701354823068293,4.657706409234213,4.613060400257226,4.5668589709327225,4.5196351169859605,4.4709952629026155,4.421247263838358,4.370333261489163,4.318333701204169,4.265720023988643,4.212440340329238,4.157971269041992,4.101818160485695,4.045198134046071,3.9878431493907742,3.9300069617127447,3.871256265559751,3.8119444132164744,3.751307623257949,3.6903003185788497,3.6281995803249245,3.5658539164556764,0.74296,0.7717,0.79938,0.82756,0.85552,0.88406,0.91337,0.94359,0.97391,1.00479,1.03609,1.06805,1.10038,1.13326,1.16681,1.20111,1.23542,1.26976,1.3046,1.33988,1.37581,1.41224,1.44915,1.48621,1.5237,1.56115,1.59982,1.64019,1.68107,1.72148,1.76243,1.1153084496683434,4.707922892560844,0.8009762970876597,-7.805590326033579e-06,-0.10437917864497226
10,3.2373139536789886,3.293765022141422,3.3493062560207134,3.404647160755725,3.4586285572902233,3.5122176764367428,3.564854836000354,3.6171355356696915,3.6677594696773985,3.7176567767501725,3.7662208055970305,3.8140496668864174,3.860519728874101,3.906096610661293,3.9505201959287506,3.9940412242346754,4.0365168692627895,4.078019254817857,4.118462152560995,4.157756041680504,4.196631708126265,4.234915219606407,4.272517612240985,4.309047881185044,4.3450087361369905,4.379887440811774,4.414455289258353,4.448289179160688,4.481787617670223,4.514296098680866,4.546348538953486,5.133836499256773,5.08386954678195,5.033031557025653,4.982001780350899,4.929638108943119,4.876889549703959,4.822344449194626,4.767126636411791,4.710682593145059,4.653700748723782,4.59484030319117,4.534944000780424,4.47348966297397,4.411011181375912,4.3472136222682485,4.282383768432909,4.216040875858659,4.148289332824656,4.080066267136822,4.011331837484211,3.9409894235392993,3.8683702867946583,3.7953754980913312,3.7217894100813687,3.6475579711775796,3.5721000689637994,3.496268450318724,3.419554455038294,3.342439493615413,3.2641412319178507,3.1854712596303023,5.025570668876407,4.992562396213895,4.957361322711231,4.921677433378361,4.88408287933532,4.845937013754371,4.805822758539496,4.764971442643877,4.72260975863785,4.67958565586281,4.634611414796231,4.588561871360639,4.540896836054419,4.4921698890897,4.442032633323988,4.390791686095064,4.338242305128078,4.284474762530481,4.230030663569571,4.174852843806318,4.1183769213164565,4.060063034784193,4.001227376444787,3.9415704171487396,3.8812881550611493,3.8198175298831742,3.7578756478722064,3.6948210878873025,3.6313043644954686,3.5664237383365682,3.501023877421121,0.7796,0.81033,0.83994,0.8701,0.90035,0.93137,0.96277,0.99497,1.02788,1.06171,1.09623,1.13164,1.16795,1.20525,1.24373,1.28341,1.32482,1.36799,1.41206,1.457,1.5043,1.55449,1.60599,1.6586,1.71284,1.76869,1.82613,1.88488,1.94508,2.00581,2.06782,1.2845035626470644,4.758379857920241,0.8181258954184987,-7.207919257140763e-06,-0.2989609439911658
11,3.295451749224338,3.3546232359964914,3.41325431001841,3.471766393648935,3.5292664491436367,3.586474489341754,3.643091043913184,3.6994861171103772,3.7544655067762673,3.808824004313865,3.8622893794732285,3.9152622887821944,3.967281134957074,4.0186728460399275,4.069309256605689,4.119354577425456,4.168816705794264,4.217735877211913,4.2657909371103875,4.312908873527835,4.3598505850946,4.406542782616508,4.4527147674497645,4.498067904697613,4.543004985909109,4.587151368469556,4.631114945738621,4.674646903782844,4.717932000076291,4.760488578089074,4.802929804017834,5.207968765639302,5.162299620675466,5.116206309427121,5.070019604307152,5.023063302052628,4.975884936872678,4.927500138200264,4.878663592132678,4.829032332980165,4.779052527741151,4.727862085452415,4.676004100265813,4.623167621604244,4.5696879495733445,4.515468390360091,4.460669804142245,4.405077571180057,4.34874644702958,4.292229602517014,4.235511345215625,4.1776609240662905,4.118207488060387,4.058633139983884,3.9988684686443503,3.9387165090506335,3.8778285232234766,3.8167568071312172,3.7552512855434625,3.6934102952536514,3.630579293315744,3.567792649081611,5.054636381327026,5.0236648799369235,4.990888840851565,4.957715474630181,4.9229421798472695,4.887707234760549,4.850814105392022,4.813300071247474,4.774521529665134,4.735188399256649,4.694344198502762,4.652666796494927,4.6098357430929955,4.566246359863552,4.521684413338183,4.47636135001498,4.430193459673638,4.3832390290294185,4.335863889143778,4.28803249232302,4.239179434556501,4.18887982121919,4.1382557731920535,4.0871210445579775,4.035555704941126,3.983172006684446,3.9304678515339373,3.8770070717771734,3.823233462878615,3.7685366575940087,3.7136279314624066,0.70229,0.72654,0.74911,0.77182,0.79375,0.81587,0.83783,0.8601,0.882,0.90404,0.92598,0.94809,0.97008,0.99215,1.01443,1.03696,1.05975,1.08281,1.10574,1.12846,1.15204,1.17668,1.20116,1.22507,1.24945,1.27427,1.29916,1.32351,1.34834,1.37369,1.3987,0.6645124743609125,4.550446876207766,0.5764029302056475,-3.2790543467194434e-06,-0.04722435889326734
12,3.2891743668880733,3.3482618599229466,3.4066062903501377,3.4647871115638247,3.5214184283976206,3.577602644527292,3.6328323757828636,3.6877047034450667,3.7409040924064008,3.7933697630617815,3.844733779766835,3.895490345387317,3.9450868375051926,3.993920777790163,4.041728838327841,4.088734057711297,4.134832526570573,4.180086803827497,4.224314953170704,4.267430272150437,4.310235079225044,4.3526002364232275,4.39437974396955,4.435237402514393,4.475599794756419,4.51502095238919,4.554266425033895,4.593097090085203,4.631692626164806,4.669594268193607,4.707228321402867,5.19768100407189,5.15131844451492,5.104251954461714,5.057030471436595,5.008325996409789,4.959193612439965,4.908321630584049,4.8567982588256795,4.804095237998402,4.7508748456108645,4.696096847768741,4.640459989250087,4.583563577186455,4.525839222395205,4.467047015249503,4.407419119267237,4.346603053122892,4.284680791323397,4.222422885348241,4.15980097532117,4.0958202751068225,4.0299156837702,3.9638300934713007,3.8974595999924344,3.8306031387256594,3.762823116226038,3.6948909049215843,3.6265993637310263,3.557991220961664,3.4884487524921113,3.4189054485976182,5.056207436908556,5.025805820710583,4.993342405392084,4.960425018561102,4.925519057564205,4.890039304785318,4.8525920469192245,4.8144080594766505,4.774695873673422,4.7343134491208545,4.692210135929401,4.6491579281072095,4.604672648233643,4.559245366868111,4.512519160420443,4.464776430399443,4.415828756982263,4.36575927223113,4.315040129702854,4.263616437323822,4.211007837099751,4.1567215432269915,4.102002007619496,4.046600522398955,3.990668419615109,3.933727898783336,3.8764456335564805,3.8183564791346165,3.75993935699474,3.700554363375101,3.640781492395073,0.72173,0.74898,0.77444,0.80013,0.82605,0.85261,0.87964,0.90737,0.93494,0.96287,0.99126,1.02026,1.04966,1.07959,1.10995,1.14081,1.17242,1.2048,1.23724,1.26963,1.3034,1.33885,1.3744,1.40951,1.44536,1.48183,1.51869,1.55518,1.59235,1.62984,1.66673,0.9695573065631659,4.679159511228417,0.761537171299846,-5.518698879943865e-06,-0.1134329863607168
13,3.254535831136992,3.3111889300234894,3.3669734449002937,3.4225667146139056,3.4767805227488022,3.5305962943945732,3.583519003054305,3.6361073057258997,3.6870239193881784,3.7372073631292095,3.7861434130827756,3.8343916533052567,3.881184749703661,3.9270213370265514,3.971615633804508,4.015237728766287,4.0579240480338346,4.099739152997892,4.140366335274898,4.179705222244273,4.218728945572851,4.257306433611578,4.295160011141867,4.331874108279964,4.3681145581916105,4.4034548591088445,4.438363526148244,4.472253067901987,4.505732552966122,4.538001911308881,4.569815628821246,5.151829075146331,5.102112732944275,5.0515606393222745,5.000824528060307,4.948790163141859,4.896381194476105,4.842222470909329,4.787408554095583,4.731308169475345,4.674643564574689,4.616177800626165,4.556718881072846,4.495615534498657,4.433431256371245,4.36972372034016,4.304824100227376,4.2386825031205735,4.171384615965713,4.103268528946637,4.0342651081664265,3.9639556572832526,3.8917970162761115,3.8190671607627578,3.745438177581051,3.6713775258930443,3.596496502474922,3.520882279571547,3.443536907226743,3.365781756861126,3.286817296223476,3.207448534141022,5.041526216261244,5.0087681317932615,4.973819663477296,4.938388911589963,4.900995208952838,4.863035107959134,4.823179880651293,4.78261502597287,4.740577161735734,4.697893263457958,4.653348676947155,4.607778110536268,4.560485283593969,4.5120603628450375,4.46221155330105,4.41124842482524,4.358970243375232,4.305467737681168,4.251277435656096,4.196341222071802,4.140109212510409,4.082042503454806,4.023467510585643,3.9640924469882393,3.9041464772352183,3.8431155226993106,3.7815603211492514,3.718767326911869,3.65540956226195,3.590385093032204,3.5248431503565887,0.7756,0.80633,0.83594,0.8661,0.89599,0.92651,0.95743,0.98913,1.02155,1.05489,1.08923,1.12464,1.16094,1.19825,1.23725,1.27792,1.31933,1.36152,1.40572,1.45211,1.5001,1.5498,1.60116,1.65426,1.70868,1.76404,1.82209,1.88422,1.94778,2.0114,2.07661,1.2661106049064903,4.7683965085559725,0.82074886738042,-7.2198237973781525e-06,-0.2881078555285252
14,3.2510093838685616,3.3037043554182564,3.3556317350554177,3.407390105572124,3.4579251500077834,3.508107212297555,3.5573569316749896,3.606257536982169,3.6537028400517855,3.700509876468463,3.7464181467438227,3.7918308396623064,3.836354895712198,3.8802948229568015,3.92339256287831,3.965831215292382,4.007608660755086,4.048770516956179,4.088981758997231,4.128162064946306,4.1672573063753795,4.20623210644193,4.244515488736442,4.281710535569677,4.318675351243321,4.355202621067264,4.391076403540107,4.42540724530389,4.459609757828993,4.4934335558167895,4.526985324490369,5.134278782888963,5.080327462717261,5.02578118537732,4.971103909026154,4.915505250648413,4.859640732685881,4.802245763931848,4.74427772002485,4.685499313499887,4.626365497411305,4.565989638689261,4.50492892005789,4.443002237198,4.380506329768585,4.317113923675608,4.253019928603964,4.188074780545207,4.1223372032027665,4.056284464875495,3.9898899367020446,3.922534098484769,3.8538171544631297,3.784680377703566,3.7148827590562057,3.6449291340235983,3.574679022787274,3.5035837966157453,3.430493177239826,3.357328312371249,3.2839443405330604,3.210177638928431,5.059504220854327,5.02161042111259,4.981633783697879,4.941198542405361,4.898905725237711,4.8560769150665255,4.811213823771499,4.765588998728351,4.718652325557426,4.671140300708608,4.622124510521064,4.572279547024298,4.521308263445548,4.4695966156339395,4.416868457931828,4.363344791571812,4.308878293524368,4.253534012087076,4.197722079762999,4.141402983410463,4.084082086083406,4.0253427541463145,3.9661856365181447,3.906370897638657,3.8462897770196487,3.785702408747842,3.7244028035203987,3.6614215469648177,3.598182522008381,3.5341827920628104,3.469925552689646,0.84145,0.87315,0.90297,0.93311,0.9623,0.9918,1.02073,1.04993,1.07897,1.10836,1.13791,1.16789,1.1977,1.22763,1.25799,1.28885,1.32046,1.35284,1.38528,1.41767,1.45064,1.48414,1.51861,1.55422,1.59006,1.62558,1.66255,1.70196,1.74149,1.77948,1.81884,1.471362545680991,4.843204267874367,0.6452921573457644,-6.041772613000261e-06,-0.11267612666067206
15,3.4020033021857023,3.4632144194935615,3.5231122135153896,3.5827208370453048,3.6404805763310764,3.697706830267743,3.7533507986104038,3.808402281741035,3.861266871169677,3.913172329957253,3.9633997204355293,4.012701827265002,4.060161990072796,4.106411387039817,4.151073042044765,4.194492148728647,4.236390692852572,4.276873581562331,4.3158754809859525,4.353271255948644,4.389883359578566,4.425385874307215,4.460031438167392,4.493328107936465,4.525667893419587,4.556189157195048,4.5859993063671265,4.614130451783806,4.641583195840495,4.667033896165568,4.691849862797681,5.317629525234051,5.2725708603348735,5.225855316193809,5.178774956672167,5.1295264651786265,5.079652371474446,5.02697368448432,4.973244821487605,4.917332697863525,4.860463037647219,4.800925378762161,4.739916590530384,4.676488692238168,4.611470639931576,4.544329410220865,4.47552660694583,4.404345606615363,4.330950487284214,4.2563952265641305,4.180581799870446,4.1024268244949,4.020956483788295,3.93870364396339,3.855219102344886,3.770413182027718,3.6830960305605087,3.594884795505555,3.5045625521576875,3.413243798529297,3.3189842293906855,3.2242241712189896,5.1545083217718926,5.128980321470066,5.100898882945586,5.072255222707848,5.041258941505565,5.009583824850021,4.975304289110175,4.94004953222388,4.902730971881446,4.86450726648844,4.823910696198819,4.782005732754458,4.73786937888263,4.6922662647856175,4.644653905278102,4.595469133901716,4.544341296987298,4.491404451243343,4.437199280886933,4.381618619762838,4.324252483004372,4.264358316894383,4.203646619839948,4.141648077778207,4.078545600085956,4.013345136037111,3.947191930498309,3.8787892213147592,3.8095492564288933,3.7378384497594737,3.665378363670929,0.68692,0.7182,0.74978,0.78248,0.81618,0.8512,0.88815,0.92686,0.96731,1.00955,1.05439,1.10167,1.1516,1.20417,1.25959,1.31792,1.38033,1.44703,1.51656,1.58897,1.66676,1.75124,1.84019,1.93398,2.0333,2.13927,2.25055,2.36706,2.49054,2.62335,2.76164,1.122237775216882,4.873109654344564,1.161313611438798,-9.303753063625509e-06,-0.9492641101281877
16,3.16819742500731,3.2223152630398704,3.2760409045005656,3.329680190875759,3.382350881282836,3.43474209072628,3.4863599757311823,3.5376882897963307,3.587687513605933,3.6371038235539817,3.685772768506031,3.734029619586448,3.781375309119477,3.8281220662350193,3.874106444805475,3.919494195631082,3.964406947509615,4.008877472634258,4.052564612930905,4.095402177595867,4.1381814631814136,4.180878232369518,4.223217439067646,4.264993820822429,4.306400824556296,4.347105839655233,4.387640142043049,4.4277713775331655,4.467742795445206,4.507242573275297,4.546727968116472,5.061818154032259,5.00996457944812,4.958009847989947,4.906032843548892,4.853403882964847,4.8005868041410595,4.746430427568095,4.691772552704258,4.636436513568572,4.580803044348411,4.524112370733581,4.466838756450495,4.408676193107549,4.349929296580363,4.290444600677115,4.23038251165289,4.1698108078517375,4.108764649131569,4.047620290891987,3.9863694356284096,3.924283293444023,3.8610144798497235,3.797873099172906,3.734932307588777,3.6717812768082454,3.6082306985085633,3.54454881635772,3.4805569175878706,3.4163141030934683,3.3513308079581714,3.2864496341585303,4.961240922833898,4.924844526759763,4.886651402847253,4.84806267145796,4.8078422567928465,4.767151029202531,4.724601363734072,4.681355808870204,4.636959363293413,4.5920581589281415,4.545809323506789,4.498817406874156,4.450694238488138,4.401827464150194,4.35200034452359,4.301421670091734,4.250010210536962,4.197823421826695,4.145326217756973,4.092492370318321,4.0386677163798534,3.9834401937903543,3.9280526537505875,3.8724132372536304,3.816360790784763,3.7595233969845756,3.702395067614506,3.644579814628614,3.5865575162242487,3.527924199954834,3.4692321130297685,0.79299,0.82171,0.84825,0.87491,0.90035,0.92591,0.95095,0.97618,1.001,1.02597,1.05115,1.0767,1.10182,1.12684,1.15205,1.17752,1.20276,1.22778,1.25244,1.27661,1.30106,1.3257,1.34981,1.37275,1.39531,1.41675,1.43804,1.45851,1.47951,1.50146,1.5232,1.2039807851874849,4.638639351949652,0.5351710487345755,-9.13561306788398e-06,0.015457653924109194
17,3.185868704795419,3.240180098373437,3.293954862028121,3.347611469888725,3.400400587276499,3.452939393520446,3.5047872982487367,3.5563764958302615,3.6067923099001344,3.6566935001371004,3.705966357793355,3.7548927540653465,3.8031183738655168,3.850883350969856,3.8982783918351105,3.945383923431795,3.9921890745086985,4.038714568818148,4.084951217791676,4.130874615910345,4.177062923451852,4.223626312794029,4.2701950780643525,4.316772305175746,4.363255464707942,4.409559852803863,4.455859703927728,4.502148843656195,4.548416877084502,4.594622623726009,4.640803822776139,5.078347869194565,5.026830485985186,4.975133889114384,4.9233978325390515,4.871214542334333,4.818902205319872,4.765473380983536,4.7116264894303646,4.6574307465684415,4.603082004212597,4.548006756435741,4.4925309149356965,4.4365935743309075,4.380352876245013,4.3240280396249595,4.267637356956761,4.211022279963944,4.154198289829018,4.098004382308689,4.042493795573075,3.98655192429827,3.929999401881538,3.8740086725094685,3.8189022397194083,3.763761108917491,3.708554035603905,3.6533469534316043,3.598139851227899,3.5427446108011083,3.486794157627185,3.43086267252828,4.980688952464387,4.944147000869298,4.905650824178014,4.866724361847344,4.82620587205232,4.785228011775718,4.742382680938418,4.698838078382628,4.654202279852193,4.609087903424441,4.5626377828662115,4.515451135470576,4.467250942355656,4.418384515053816,4.368833598615751,4.3187470087195,4.26801297419638,4.216676164019026,4.165426394192724,4.114271019775918,4.0624669569132585,4.00974442469589,3.957212139741902,3.9049793166359588,3.852702951492243,3.800343837681056,3.747901273183948,3.695261675137901,3.642633125342698,3.5900371770765096,3.5374123748374933,0.79859,0.8268,0.85209,0.87726,0.90125,0.92533,0.94821,0.97096,0.9927,1.01423,1.03447,1.05411,1.07309,1.09172,1.10896,1.12512,1.1403,1.15453,1.16776,1.17985,1.19126,1.20162,1.21103,1.21885,1.22685,1.23514,1.24317,1.2505,1.25846,1.26824,1.27796,1.1658527704070671,4.638872201974343,0.3619436907717901,-6.977930818220705e-06,0.06839596066039785
18,3.3481857136915876,3.4079198877175925,3.4664374306275,3.5246870940931956,3.5813673966358732,3.637594870085735,3.692330132718513,3.7465066400586546,3.7984496124088176,3.849412998845315,3.89878619074359,3.947282552767981,3.9938936649070955,4.039265546015044,4.082801009302188,4.124899313040284,4.165499549183599,4.20470507241958,4.24215315353314,4.277695298522378,4.312378486618756,4.345845489989767,4.378130734041438,4.408555814764151,4.438181741974411,4.466288908554951,4.493588140698922,4.518979769403542,4.5438155590180465,4.56701100068971,4.589636483512312,5.262880479521956,5.215897083991394,5.167215922799095,5.118160943737103,5.067180383730958,5.015644208247493,4.961380271978973,4.906094929511405,4.848534362916886,4.789975926248413,4.728781339296871,4.666133184247352,4.6009029872615015,4.533975536122918,4.464502661766827,4.393037768972446,4.319293697931599,4.243427695077758,4.165838089814822,4.0863792478317436,4.004668022124441,3.919767678834358,3.8334865101752515,3.7450318349214378,3.655567427836799,3.5641840637111772,3.471400596749303,3.3753113652968962,3.2785590094370898,3.1798496948335537,3.080410202035949,5.102567588460086,5.076260861505191,5.047540994090683,5.018289795992031,4.986800818934002,4.954666143430476,4.91987153581537,4.88408092032232,4.846087300491671,4.807127484716992,4.765829321748754,4.723241798639348,4.678351290111869,4.6319469596528595,4.583310999531091,4.532928592034519,4.480501745472154,4.426171510382493,4.370367832201459,4.312966212963017,4.253587699391212,4.1914101290528185,4.128140278646185,4.063151111473309,3.9971643625420703,3.92928174874537,3.8604048007178187,3.789180141111857,3.7171938529303246,3.642959907090625,3.5680729988876303,0.69092,0.72473,0.75907,0.79478,0.83134,0.86935,0.90919,0.95091,0.99457,1.04026,1.08909,1.14081,1.1954,1.2529,1.31447,1.38016,1.44969,1.52326,1.60157,1.68506,1.77399,1.86925,1.97088,2.08014,2.19566,2.318,2.44937,2.59369,2.74589,2.90507,3.07399,1.187877620730955,4.841435724353166,1.1778683746176242,-1.3573778707421443e-05,-1.2785536734040073
19,3.1968554971238112,3.2527653892748067,3.30802381063006,3.3631387905516648,3.417110577134674,3.4707525006405575,3.523610018398802,3.5761738173112887,3.627300483183238,3.6777968511661947,3.727383174347959,3.7764677017527783,3.824708242977661,3.872394008088645,3.9193391792222454,3.9657047709652637,4.011625288947546,4.057131440220111,4.101961400696333,4.146058036656979,4.19030500897365,4.234764841278321,4.278769725779014,4.322058493908088,4.365198569731523,4.408056061194679,4.450766694708139,4.493130584132075,4.5353690596362695,4.577237423991336,4.618829587455413,5.09317965248797,5.043239055756465,4.992880414938413,4.942429728207954,4.891139939555565,4.839608032747371,4.786770952468584,4.7334451518530285,4.679435094392942,4.625124934922726,4.5697081470968195,4.513681166558224,4.456990845577056,4.399864490749715,4.342162224638977,4.284009257202045,4.225372973062312,4.166286717337333,4.107304215913088,4.04843423557293,3.988970273005667,3.928665300617073,3.868227995449863,3.807582390643538,3.746830462694298,3.685876472562253,3.6245911900765395,3.562523696654394,3.5002773122346524,3.437502995137191,3.3742374417433285,4.985520419333227,4.95106517887637,4.914563842186619,4.877611991510227,4.838862515264559,4.799594344396497,4.758390202078674,4.716461138041418,4.67316306044126,4.629264559473078,4.583769471470822,4.5373940285392145,4.489852207494245,4.441543691092907,4.392231453163554,4.3421337143262955,4.291268419564812,4.239688524540387,4.187885854926585,4.13584158744156,4.083016894150828,4.029087206333454,3.9750190620923673,3.9207329785760603,3.866316599501642,3.81165260092818,3.7568347620378764,3.701653694931501,3.6462781008759912,3.5903284322309803,3.534193994451365,0.78058,0.8088,0.83486,0.86103,0.88634,0.91191,0.9366,0.96133,0.98534,1.00933,1.03261,1.0557,1.07839,1.10095,1.12238,1.14295,1.16353,1.18414,1.20395,1.22281,1.24167,1.26041,1.27914,1.29769,1.31665,1.33614,1.35632,1.37776,1.3995,1.42146,1.44491,1.1386057641139369,4.646091845401954,0.5397760171341428,-4.306402552149142e-06,-0.007691916166383428
20,3.2741400104824816,3.332452553047869,3.3900696886826456,3.4475337072553263,3.5035156644460104,3.5590699822646763,3.61395612455275,3.668592069096164,3.722029937870967,3.7749423527832984,3.8272841404067606,3.8793112848997833,3.930667153872107,3.981581772862383,4.032001647815496,4.082034341921715,4.131845255947587,4.181449691136149,4.230525316510346,4.279027449954309,4.327741360188358,4.376755121933448,4.4256376229308625,4.474313511833645,4.5227089429457354,4.570571374732451,4.618399554984638,4.666146864068654,4.713809490090968,4.761222206349658,4.8085918025898815,5.179656920990206,5.132907555354828,5.085732746724626,5.0384642630992404,4.990073929723909,4.94135989297862,4.8915258483631705,4.8412724183531965,4.790645378582701,4.739854480677125,4.688379139697606,4.636526398112193,4.5842146086737845,4.531601073157632,4.4786974069905074,4.425566687850872,4.372231378371566,4.318705593942805,4.265435767062082,4.212443525066126,4.158871954148128,4.1044801198661,4.05037637006617,3.9967260840773124,3.9428270178959477,3.8884551541955723,3.8340378560510477,3.7795132805439224,3.7247081338663675,3.6690749855837486,3.613403981396284,5.046894421797471,5.014562238392498,4.980138528959794,4.945254302588559,4.908225003156455,4.870576754965108,4.831079029171831,4.79088876902698,4.749532844531689,4.707665681854657,4.6644951222521565,4.620605872149929,4.575723147600513,4.530187382128739,4.483885607288238,4.436984362476278,4.3895075595632465,4.3414949080880305,4.293426121267688,4.24529645601577,4.196493086670734,4.1467358296718855,4.097111413623582,4.047696097340614,3.9980594781742713,3.9480022821905516,3.89782591031679,3.8473681557692623,3.796876176040894,3.7462831938882646,3.695651006065096,0.73671,0.76145,0.78413,0.80683,0.8284,0.85001,0.87046,0.89073,0.90971,0.9283,0.94622,0.9639,0.98063,0.99681,1.01215,1.02684,1.04079,1.05404,1.06675,1.07885,1.09066,1.10201,1.11334,1.12457,1.13584,1.14706,1.15818,1.16891,1.18056,1.19472,1.20887,0.6790783501140633,4.520532858632418,0.44350999980635386,-3.1553150485933987e-06,0.02318606140953218
21,3.2352620214867622,3.2919499919820057,3.3479778622902145,3.4038603901501263,3.458474228917497,3.512721993874528,3.566145523432933,3.619260418337849,3.6708594051500594,3.7217935430658264,3.7718005841419764,3.821296426475465,3.869815036035577,3.9176912801095867,3.964825929300319,4.011380213942484,4.057287700936646,4.102593014164456,4.14720555948845,4.191066801920136,4.235033054117437,4.2791479877339205,4.322834843603464,4.365847878023989,4.408672254298761,4.451138093258667,4.493511958024644,4.535668664475904,4.5776679800020785,4.619202815931195,4.660617797710632,5.135059658094178,5.0859406126545235,5.0363319131689614,4.9866154005479615,4.9358620963139686,4.884809631732214,4.832342445749059,4.7793455192582925,4.7255170448049775,4.671323869258599,4.615946427963839,4.559915984998276,4.503041992660423,4.445613509995662,4.387589608348904,4.329099738748006,4.269898683668436,4.210035509262801,4.1503144313237215,4.090747455922624,4.030572941805892,3.969538223116784,3.9085132160069564,3.847503496557265,3.786482677491221,3.725440764360469,3.6643141484696167,3.6029875434215817,3.5415238828474194,3.4796557544454343,3.4175481854051486,5.018053255650384,4.9847125831801655,4.949353076087807,4.913549057537211,4.875844041965451,4.837590504538092,4.797380738682959,4.756438465832049,4.71406220526821,4.671057024918395,4.6264405301067875,4.580935559679333,4.534121423995988,4.486446734624828,4.4377377059284004,4.388219215366672,4.337734781147911,4.286351046001732,4.234657626278726,4.1826283554825885,4.129745265081674,4.075653263305969,4.021370922746028,3.9667889762352213,3.91196681519518,3.8566881360644785,3.8012199735095455,3.7453044273375555,3.689138353971871,3.6322329500026487,3.5752705955531434,0.76357,0.7918,0.81823,0.84491,0.8707,0.89677,0.92263,0.94886,0.97432,0.99979,1.02483,1.04989,1.07425,1.09828,1.12198,1.14549,1.16877,1.19182,1.21408,1.23536,1.25627,1.27648,1.29651,1.31604,1.33516,1.35319,1.37104,1.38811,1.40505,1.42117,1.4381,1.0991508312575742,4.670853699336739,0.5850996336549592,-7.4153617995977564e-06,0.036103673284133414
22,3.2110640472498737,3.2677084475203455,3.323569652408601,3.3792584119247637,3.433594065057768,3.4875392860840084,3.5405683886757653,3.593254454327957,3.644463298249844,3.6950242610698787,3.7446950686521534,3.7938750471047626,3.8421139451915676,3.8897342432765805,3.936680887548,3.9831003380643613,4.029064405945741,4.074604508436541,4.1195725619200125,4.163920231505269,4.208435690954849,4.253188722449641,4.297803250136749,4.342199764816879,4.386423308072618,4.4303181261212154,4.474153578179638,4.517848862285997,4.561481112870931,4.604927344365506,4.6484722219837025,5.111294947388454,5.061847491309864,5.011784651868059,4.961586315956278,4.910322266676383,4.858750711853201,4.80571913590909,4.75214085708292,4.6978355935759275,4.643211488538748,4.5875375937274825,4.531284846879514,4.474300050490502,4.41683405571094,4.358970138100563,4.30079481039123,4.242302560034956,4.183515252382556,4.125140354226926,4.067212711709761,4.008807368506824,3.949725655345284,3.8911551175248644,3.833389202181997,3.775660221199076,3.7180014357411646,3.6604455474482607,3.6031326096868983,3.5457171442985014,3.4879991112848145,3.4304970727633988,4.99310648553546,4.960252962722038,4.925137931162572,4.889524955581876,4.851812138424698,4.813493423838823,4.77302983050191,4.731763090324745,4.689022275528226,4.645634959555599,4.600583333131745,4.55461400904922,4.50733228206222,4.4591878728402605,4.409997904252175,4.35998969322065,4.3090774867834245,4.257323653759486,4.205343706257968,4.153118538922678,4.100071555933979,4.045860975339237,3.991657958628412,3.937466846878656,3.8830529144400403,3.8282155200371686,3.773150259126811,3.7175469827370757,3.66183888434224,3.6058214416787955,3.5498599885588327,0.76178,0.79151,0.81939,0.84756,0.87443,0.90149,0.92763,0.95386,0.97965,1.00561,1.03053,1.0551,1.07896,1.1025,1.12464,1.14571,1.16579,1.18492,1.20258,1.21855,1.23367,1.24748,1.26015,1.27091,1.28085,1.28914,1.29645,1.30134,1.30636,1.31174,1.31662,1.1213896146208993,4.654895441258015,0.5452448640080814,-1.10458842063054e-05,0.11622068348089612
23,3.204012720388865,3.2622167281934837,3.3204358328183154,3.3782471564327596,3.435998027781537,3.4938138705173998,3.5515303459984033,3.6088893261641606,3.668053772512609,3.724891681097596,3.7793635834887307,3.83173225705242,3.882550418402726,3.932488959137329,3.981871959166931,4.030575122716506,4.078554401904644,4.125957530582588,4.172909927833852,4.219882154029239,4.266315337845896,4.311542562894607,4.356842844680371,4.402030701371148,4.446497867858079,4.490215908961313,4.533631386579572,4.57761503535465,4.62033619777587,4.662041763137221,4.703061288161121,5.1110651580842585,5.064437545531067,5.017629380909649,4.970326929379747,4.922601472675218,4.874619713062863,4.826769815434168,4.77953337719101,4.731402093748627,4.682751959077452,4.6328996793807375,4.581407855519385,4.527802690052188,4.473229828408029,4.417531305039289,4.3611415789427035,4.304504633067285,4.247768903097856,4.190334340634032,4.131868393332906,4.073012151305949,4.014646761923049,3.955745059937158,3.8966943236020626,3.837265300797853,3.7774114818802356,3.717220638020069,3.657120358972176,3.5961747483959265,3.533749318953699,3.4702173354735337,4.974052398155645,4.941537577816231,4.908046635796918,4.874416293200893,4.840018764809329,4.805351234181538,4.77086416303175,4.73699043171427,4.701144143721916,4.6631315169396865,4.622970832240129,4.580754174083227,4.536518898763711,4.491105815797816,4.444387080951219,4.396800281971215,4.348808793862626,4.300591558050079,4.251268072566133,4.200694249503445,4.149564886521507,4.09878566708325,4.047019990672594,3.9948368540137897,3.942013598555189,3.888587116319377,3.8348205511944795,3.780798436125675,3.725027452165408,3.668097027845158,3.6107782048920276,0.72951,0.75364,0.77745,0.8018,0.82683,0.85252,0.87897,0.90627,0.93259,0.95569,0.97729,0.9986,1.02062,1.04183,1.06367,1.08581,1.10788,1.1298,1.15109,1.17207,1.19298,1.21402,1.23367,1.25334,1.2726,1.29162,1.31125,1.32943,1.34541,1.36248,1.38177,0.893576666358034,4.577964689431166,0.5567660881045722,-5.859267284691852e-06,0.00594899900156548
24,2.8690550315790535,2.950844582099528,3.0289165746692968,3.1108339036641133,3.188597633386485,3.26419670143822,3.3438309637752766,3.414476610284776,3.48293493622789,3.5555682581384547,3.6226987080114204,3.691278229833964,3.7544078208057963,3.8171334959289904,3.878094465900402,3.9353959003566583,3.994495649736399,4.047617225993355,4.0993846003040995,4.1505866441819155,4.200108720105403,4.2487231040684215,4.294166197457369,4.3406010371410995,4.38385297066525,4.427047845572976,4.472832730903259,4.51338122445684,4.550685191732713,4.591595806472378,4.629477898263108,4.839764549499301,4.818555262958619,4.791774195663657,4.770217850499039,4.742688870442574,4.712309619031399,4.687449862387576,4.652639041765524,4.614647696157916,4.578302864439606,4.538116980082878,4.5010005982234285,4.456725876476568,4.410853613240973,4.358509053313152,4.312679945086639,4.263512614137562,4.203995405061139,4.146334802445444,4.091414717157913,4.028668835994129,3.96941631216567,3.9068736832539868,3.85003282339507,3.7846174145776144,3.7193310897277914,3.658010976679828,3.589949944072117,3.518512893621739,3.462399046194716,3.387389826338729,4.419562558819325,4.421052473497468,4.427171133189702,4.426821868448064,4.428615774165144,4.427922318907273,4.42344254087366,4.411540643031471,4.398481580905722,4.393692843413182,4.377035689697574,4.357113235649394,4.333924690174441,4.3110056274338096,4.291500291454263,4.252993212926927,4.2225185823083935,4.189981483427525,4.151375178214265,4.1084000589296625,4.0686792665400695,4.023647771272956,3.9749721097725397,3.9242789437963337,3.8727389235297487,3.8221679165075564,3.771587142851578,3.7168379992139733,3.6599150596889696,3.5987916477418294,3.5428254269591797,0.38001,0.4004,0.43191,0.45353,0.48521,0.51953,0.54449,0.57399,0.6079,0.65372,0.69011,0.71798,0.7537,0.79461,0.85702,0.87159,0.90993,0.96824,1.01167,1.03989,1.0965,1.13309,1.17018,1.1863,1.22469,1.26756,1.29835,1.33963,1.3858,1.36725,1.42826,0.22644187098279075,4.161581792459621,1.4720174138586195,-1.0132382338405995e-05,-0.16211347323178696
25,2.8642505448958766,2.944039717655204,3.0235691280184667,3.1067534797183254,3.1816417655552165,3.259127622110839,3.331248285763245,3.404611013504784,3.4803863203844387,3.5517779214036076,3.6166390151980687,3.681962211641383,3.745697515316639,3.8094108769514508,3.871567377825153,3.930655108855783,3.987810470090426,4.045811481647668,4.097775214063635,4.148540013179984,4.199576926402006,4.248473190802457,4.29519740686933,4.34135367793376,4.38381349240846,4.426521166581604,4.471907723441899,4.507653333324161,4.548649255499205,4.585604404421695,4.623475684930018,4.838021885103004,4.8146651947790655,4.7900402027791085,4.769358895276051,4.739986569783869,4.711532062461279,4.678588845933461,4.646112628639896,4.616689068826537,4.581781972641564,4.540020915495294,4.498193629699409,4.453408660083698,4.410170101831109,4.363633761940254,4.3150894993619815,4.263396638652507,4.2107600800670335,4.154581113329268,4.096236553549307,4.036960078263396,3.977724005296739,3.914343307350393,3.859137735054008,3.7745171233883665,3.7201591131435707,3.6608650266408107,3.5877113331029675,3.514546437821791,3.4440461128594184,3.3729120029701067,4.39227652155574,4.395120100516181,4.4013505447494845,4.406359522514064,4.402598456423798,4.406166781490607,4.397811531442594,4.391210459418541,4.383001440457379,4.3718767675646655,4.353236244856919,4.334584547786983,4.315380441016533,4.291646555357111,4.268032980568729,4.23846711844833,4.207623418614365,4.178643334811622,4.139680032583114,4.0998056491788,4.060520309806642,4.016515514967102,3.971275955919743,3.918554272278569,3.8796692778234787,3.820201293914944,3.7686377401985593,3.7101176597208387,3.658010292306883,3.5987916127358157,3.5415792439465807,0.35831,0.38059,0.40861,0.43351,0.45985,0.49503,0.52387,0.55603,0.58387,0.61673,0.65045,0.6861,0.72773,0.76116,0.80242,0.83826,0.87948,0.92872,0.96627,1.00825,1.05575,1.09359,1.13946,1.14736,1.27253,1.25993,1.28219,1.32532,1.39355,1.42525,1.47167,0.1193204472572254,4.107508336986437,1.561350649542966,-5.231829608240438e-05,0.2402802859346132
26,2.863879946408696,2.9440150159491845,3.0275124927075447,3.1050860484091913,3.1822587121518033,3.2578104220144444,3.332720330581806,3.403324390884075,3.4769328849672854,3.5473438056689717,3.616415368077931,3.682640939869512,3.7482227683996205,3.8096997597666045,3.8687764221160106,3.929740116875632,3.9859860519521852,4.04113570303093,4.089591802927032,4.145925300339017,4.195860923785979,4.2436601821217375,4.292178396825299,4.333963178835877,4.378677565944104,4.421827740755802,4.466646917044755,4.499993286530579,4.542857336724992,4.5857959530479295,4.619632731686439,4.8379146677810985,4.815018405129633,4.795453203130258,4.7684687137909325,4.740606486089794,4.7100842784004895,4.680241541416036,4.644661275309815,4.611498522731232,4.575142319701642,4.538129374725934,4.496758388593489,4.454039627330834,4.406424862154175,4.356957754685224,4.310052679813554,4.255103252177451,4.201962426720555,4.137416509180668,4.088863166201624,4.029655633984757,3.9694163191553815,3.911157746755011,3.8457175929650034,3.781755493814244,3.7176703016626282,3.6551380187724423,3.587711305047791,3.51321665154644,3.46239894735551,3.380211241711606,4.389844471749047,4.392473576853504,4.396279561726922,4.400513877694546,4.403202845478633,4.405387138051983,4.398623993271297,4.390458221831877,4.3845664422053705,4.373134827198219,4.356906196249365,4.339686033107633,4.321443118914103,4.2987267224206525,4.271142644970005,4.24328564779783,4.21388659949443,4.178652001384607,4.140720954461335,4.101768416040895,4.059975934204215,4.014411628911944,3.9684830573610337,3.915399509095513,3.8662874306700963,3.814247432538411,3.7634275854756893,3.697229675893108,3.6503063970738667,3.589950727810448,3.5327543789924976,0.35639,0.37797,0.39886,0.42859,0.45983,0.4958,0.52286,0.55693,0.59302,0.62805,0.65884,0.69651,0.73689,0.78037,0.8207,0.8575,0.90946,0.94774,1.00764,1.03016,1.07231,1.10878,1.14168,1.17487,1.21611,1.2486,1.28359,1.28698,1.3735,1.33864,1.42009,0.2124179262198801,4.145432308516252,1.5263239666682225,-3.9437780696176626e-05,-0.004260291106117531
27,2.8247465549395443,2.9021035837507676,2.9779715897686363,3.0515593911927703,3.123176755489686,3.1932937453830923,3.263154579827701,3.331509956456627,3.3961499882056114,3.4617583399339935,3.5226515889564713,3.5835701319699975,3.6418545573201526,3.6997139967301336,3.7523384274178815,3.8060423758396347,3.8565304340786333,3.907315420547134,3.9564512970450485,4.007652956642596,4.057464501892249,4.100780226204396,4.146416327327461,4.19081924833827,4.234944705124653,4.275705300246059,4.322062355164234,4.3645451532565955,4.400353915381491,4.4397376369860755,4.478637188941595,4.786135024776228,4.759538094145683,4.729799632824748,4.6978036984360285,4.663002169990999,4.627472232601098,4.58966188508748,4.550032770316847,4.507713391913826,4.4627386522963635,4.41662841681096,4.36811978608943,4.317348787376187,4.264289361762223,4.213627848512706,4.158623887344029,4.10482464100276,4.047932913660716,3.9885579482797873,3.934499460724568,3.8796692056320534,3.8162417283186487,3.7596679791320753,3.6981001235133175,3.6344773880550414,3.5682015468278596,3.513217163108854,3.442480124966279,3.3710667959388694,3.3138682892382376,3.2405492482826,4.430707000595461,4.427320562175516,4.427353008927992,4.422077277641753,4.415117140280376,4.402023658735717,4.392185102257235,4.379184072578693,4.358372454911083,4.3436077524125585,4.316111907628885,4.291218010616108,4.261786156444567,4.232981179548363,4.1893397246878505,4.152385436881761,4.107199532204594,4.065318448916464,4.0218662730389445,3.977724429533277,3.931457870689005,3.8796695551301106,3.8267226457325054,3.775973993587128,3.725094615955583,3.670245685109773,3.6180477890431217,3.5682019752534604,3.5078547104285986,3.4456053660604926,3.3909351071033793,0.44114,0.46535,0.49837,0.53,0.56509,0.59505,0.63463,0.67476,0.70902,0.7601,0.79339,0.83772,0.87991,0.93045,0.94561,0.98574,1.00549,1.04084,1.07926,1.10506,1.12724,1.15723,1.16773,1.19652,1.23306,1.26346,1.27168,1.33701,1.37142,1.35236,1.41722,0.4275995142075555,4.119672683607414,1.3624754643789032,-2.698686842493704e-05,0.057066136013496305
28,2.8295957778933403,2.905555765145161,2.9792239530341162,3.052787964772243,3.1242089933680077,3.193963926669638,3.2646753959131316,3.3317062750156667,3.39746666862704,3.46014314247036,3.5223933359057336,3.581730861680622,3.639269151190342,3.6965628252792815,3.7513886755940486,3.8043502601006742,3.8568693241883314,3.9091250017114394,3.956501226165579,4.007755353344412,4.059116398480737,4.10421016336746,4.154518189275433,4.196439025044241,4.241182672869817,4.272442876097512,4.327303963941069,4.361976837039214,4.410955076557765,4.4532150822115195,4.4945775467239635,4.793538951771562,4.764251820482268,4.733482225237073,4.7009614781566,4.666113337398201,4.6289576637263465,4.593254333891086,4.553379493573107,4.511855799375614,4.467096660069561,4.42227745174094,4.374684526236588,4.323567769706951,4.274181477243839,4.221897757504545,4.167272103724704,4.113401464862033,4.056321878570346,3.9973854157535103,3.945469554168766,3.890979596989689,3.829304189110129,3.7759744577076417,3.7151669269009258,3.6503076436073463,3.6364875422979046,3.5263389193552577,3.4683476228960974,3.3891649498795062,3.3283807391275175,3.2600713879850747,4.421934457084943,4.424848962089272,4.418534966727792,4.416284110710423,4.409510612624172,4.40037009098611,4.388479666238502,4.372291483606465,4.353956178215651,4.331251537314509,4.306125543788603,4.2768134315853885,4.247273485087308,4.213719942670269,4.177592179838618,4.139513188377609,4.0990723819061525,4.060871715935186,4.014154120672945,3.9684838012646293,3.9253120914996495,3.8756402724112284,3.828660008008518,3.773054369657294,3.7242759605567937,3.606381402735125,3.6180476634638876,3.547775059712921,3.514546695477325,3.457882954474317,3.404833716619938,0.42501,0.45772,0.48423,0.51918,0.55386,0.59076,0.62406,0.65904,0.69518,0.7314,0.76533,0.79823,0.83889,0.87004,0.90302,0.93808,0.96754,1.01053,1.03911,1.05447,1.08212,1.1134,1.12916,1.14239,1.18612,0.9323,1.23471,1.20232,1.33219,1.34872,1.39703,0.3240948035447372,4.070075226210128,1.2569744646790326,-2.656949921487268e-05,0.020616788559548932
29,3.110737816493456,3.16708053835,3.220954793044898,3.2761826285555022,3.328425259049814,3.3808800520732953,3.4328933852711128,3.4836654786268855,3.5338492029689808,3.5828496037523268,3.632085680868277,3.680513763327681,3.728494892624113,3.7744493178173393,3.8235702172051673,3.86853415179339,3.9156876137630774,3.96088942061108,4.005910236938073,4.048281715943875,4.089732065345706,4.138055938704148,4.18237174361802,4.222490447622907,4.265348485514249,4.306886027764507,4.351092729666696,4.385098234840368,4.430037022789858,4.466896575862233,4.5068133937532835,5.000212752176105,4.9507992654221455,4.900645762242385,4.851020321199475,4.799212847413324,4.747013004421647,4.694236258958941,4.640462825115142,4.586003055582142,4.529822656649339,4.474960847798787,4.419668698769687,4.363375160920911,4.307533002716168,4.252001904474351,4.19148644938091,4.138706412860205,4.076178187415419,4.019418440975942,3.959042519576297,3.8937617620579434,3.841359824022985,3.7817555160673435,3.719330866778748,3.656098319933834,3.5954960278259653,3.535293707272892,3.468347667211829,3.3961980058388197,3.324283797286151,3.2576785748691846,4.911167733278594,4.875905528284344,4.8353424585363625,4.796959563484364,4.754288938285347,4.712336030961984,4.669835035996664,4.625583251833282,4.580632213492712,4.534817368786415,4.487981417474627,4.439860169091219,4.391665492821537,4.339183591033895,4.292246103740575,4.241660119149367,4.18876230355155,4.1399108019579876,4.086244864117365,4.030584570774041,3.976808337338066,3.9253124391414116,3.872156398664527,3.8142472433670824,3.7611759117563737,3.7041503468984467,3.6512776078162847,3.585461061151433,3.539074996737751,3.480008045948689,3.423245873936808,0.81462,0.8416,0.86039,0.88296,0.90173,0.92326,0.94536,0.96632,0.98771,1.01157,1.03043,1.04759,1.06731,1.0756,1.0971,1.12246,1.12216,1.15807,1.16634,1.17894,1.21177,1.21287,1.23133,1.24334,1.27342,1.2846,1.30572,1.30759,1.38967,1.42983,1.46183,1.148193078393675,4.556897775974172,0.556236788601618,2.775977658661119e-07,-0.04545217816556821
